expression,reading,meaning,ChineseMeaning,tags
現像,げんぞう,developing (film),沖洗（底片）,JLPT_1 JLPT
原則,げんそく,"principle, general rule",原則,JLPT_1 JLPT
見地,けんち,point of view,見解、觀點,JLPT_1 JLPT
現地,げんち,"actual place, local",現場、當地,JLPT_1 JLPT
限定,げんてい,"limit, restriction",限定、限制,JLPT_1 JLPT
原点,げんてん,"origin (coordinates, starting point)",原點,JLPT_1 JLPT
原典,げんてん,"original, source",原典、原始資料,JLPT_1 JLPT
原爆,げんばく,atomic bomb,原子彈,JLPT_1 JLPT
原文,げんぶん,"the text, original",原文,JLPT_1 JLPT
厳密,げんみつ,"strict, close",嚴密,JLPT_1 JLPT
賢明,けんめい,"wisdom, intelligence, prudence",賢明、明智,JLPT_1 JLPT
倹約,けんやく,"thrift, economy, frugality",節約,JLPT_1 JLPT
原油,げんゆ,crude oil,原油,JLPT_1 JLPT
兼用,けんよう,"multi-use, combined use",兼用,JLPT_1 JLPT
権力,けんりょく,"(political) power, authority, influence",權力,JLPT_1 JLPT
言論,げんろん,"discussion, speech",言論,JLPT_1 JLPT
語彙,ごい,"vocabulary, glossary",詞彙,JLPT_1 JLPT
恋する,こいする,"to fall in love with, to love",戀愛,JLPT_1 JLPT
甲,こう,1st in rank; shell,甲,JLPT_1 JLPT
好意,こうい,"good will, favor, courtesy",好意,JLPT_1 JLPT
行為,こうい,"act, deed, conduct",行為,JLPT_1 JLPT
合意,ごうい,"agreement, consent, mutual understanding",合意,JLPT_1 JLPT
工学,こうがく,engineering,工學,JLPT_1 JLPT
抗議,こうぎ,"protest, objection",抗議,JLPT_1 JLPT
合議,ごうぎ,"consultation, conference",會議,JLPT_1 JLPT
皇居,こうきょ,Imperial Palace,皇居,JLPT_1 JLPT
好況,こうきょう,"prosperous conditions, healthy economy",景氣好轉,JLPT_1 JLPT
鉱業,こうぎょう,mining industry,礦業,JLPT_1 JLPT
興業,こうぎょう,starting a business; industry,興業,JLPT_1 JLPT
高原,こうげん,"tableland, plateau",高原,JLPT_1 JLPT
交互,こうご,"mutual, reciprocal, alternate",交互、互相,JLPT_1 JLPT
煌々と,こうこうと,brightly,明亮地,JLPT_1 JLPT
考古学,こうこがく,archeology,考古學,JLPT_1 JLPT
工作,こうさく,"handicraft, maneuvering",工作、手工藝,JLPT_1 JLPT
耕作,こうさく,"cultivation, farming",耕作,JLPT_1 JLPT
鉱山,こうざん,mine,礦山,JLPT_1 JLPT
講習,こうしゅう,"short course, training",講習,JLPT_1 JLPT
口述,こうじゅつ,verbal statement,口述,JLPT_1 JLPT
控除,こうじょ,"subsidy, deduction",扣除,JLPT_1 JLPT
交渉,こうしょう,negotiation,交涉,JLPT_1 JLPT Intermediate_Japanese_Ln.8 Intermediate_Japanese
高尚,こうしょう,"high, noble, refined",高尚,JLPT_1 JLPT
向上,こうじょう,"rise, improvement, progress",向上,JLPT_1 JLPT
行進,こうしん,"march, parade",行進,JLPT_1 JLPT
香辛料,こうしんりょう,spices,香辛料,JLPT_1 JLPT
降水,こうすい,"rainfall, precipitation",降水,JLPT_1 JLPT
洪水,こうずい,flood,洪水,JLPT_1 JLPT
合成,ごうせい,"synthetic, mixed",合成,JLPT_1 JLPT
公然,こうぜん,openly,公然,JLPT_1 JLPT
抗争,こうそう,"dispute, resistance",抗爭,JLPT_1 JLPT
構想,こうそう,"plan, plot, idea, conception",構想,JLPT_1 JLPT
後退,こうたい,"retreat, backspace",後退,JLPT_1 JLPT
光沢,こうたく,"luster, glossy finish (of photographs)",光澤,JLPT_1 JLPT
公団,こうだん,public corporation,公團,JLPT_1 JLPT
好調,こうちょう,"satisfactory, in good shape",好調,JLPT_1 JLPT
口頭,こうとう,oral,口頭,JLPT_1 JLPT
講読,こうどく,reading,講讀,JLPT_1 JLPT
購読,こうどく,subscription,購讀,JLPT_1 JLPT
購入,こうにゅう,"purchase, buy",購入,JLPT_1 JLPT
公認,こうにん,"official recognition, authorization",公認,JLPT_1 JLPT
光熱費,こうねつひ,cost of fuel and light,水電費,JLPT_1 JLPT
購買,こうばい,"purchase, buy",購買,JLPT_1 JLPT
好評,こうひょう,"popularity, favorable reputation",好評,JLPT_1 JLPT
交付,こうふ,"delivering, furnishing (with copies)",交付,JLPT_1 JLPT
公募,こうぼ,"public appeal, public contribution",公開募集,JLPT_1 JLPT
巧妙,こうみょう,"ingenious, skillful, clever",巧妙,JLPT_1 JLPT
公用,こうよう,"government business, public use, public expense",公用,JLPT_1 JLPT
小売,こうり,retail,零售,JLPT_1 JLPT
効率,こうりつ,efficiency,效率,JLPT_1 JLPT
公立,こうりつ,public institution,公立,JLPT_1 JLPT
護衛,ごえい,"guard, convoy, escort",護衛,JLPT_1 JLPT
コーナー,コーナー,corner,角落,JLPT_1 JLPT
小柄,こがら,"small, diminutive",小個子,JLPT_1 JLPT
小切手,こぎって,"cheque, check",支票,JLPT_1 JLPT
国産,こくさん,domestic products,國產,JLPT_1 JLPT
国定,こくてい,"state-sponsored, national",國定,JLPT_1 JLPT
告白,こくはく,"confession, acknowledgment",告白,JLPT_1 JLPT
国防,こくぼう,national defense,國防,JLPT_1 JLPT
国有,こくゆう,national ownership,國有,JLPT_1 JLPT
極楽,ごくらく,paradise,極樂,JLPT_1 JLPT
国連,こくれん,"U.N., United Nations",聯合國,JLPT_1 JLPT
焦げ茶,こげちゃ,dark brown,深褐色,JLPT_1 JLPT
語源,ごげん,"word root, word derivation, etymology",語源,JLPT_1 JLPT
心地,ここち,"feeling, sensation, mood",心情,JLPT_1 JLPT
心得,こころえ,"knowledge, information",心得,JLPT_1 JLPT
心掛け,こころがけ,"readiness, intention, aim",心態,JLPT_1 JLPT
心掛ける,こころがける,"to bear in mind, to aim to do",留心,JLPT_1 JLPT
志,こころざし,"will, intention, motive",志向,JLPT_1 JLPT
志す,こころざす,"to plan, to intend, to aspire to",立志,JLPT_1 JLPT
心強い,こころづよい,"heartening, reassuring",令人安心的,JLPT_1 JLPT
心細い,こころぼそい,"helpless, hopeless, discouraging",令人擔心的,JLPT_1 JLPT
試み,こころみ,"trial, experiment",嘗試,JLPT_1 JLPT
試みる,こころみる,"to try, to test",嘗試,JLPT_1 JLPT
快い,こころよい,"pleasant, agreeable",愉快的,JLPT_1 JLPT
誤差,ごさ,error,誤差,JLPT_1 JLPT
孤児,こじ,orphan,孤兒,JLPT_1 JLPT
こじれる,こじれる,"to get complicated, to grow worse",變複雜,JLPT_1 JLPT
梢,こずえ,treetop,樹梢,JLPT_1 JLPT
個性,こせい,"individuality, personality, idiosyncrasy",個性,JLPT_1 JLPT
戸籍,こせき,"census, family register",戶籍,JLPT_1 Intermediate_Japanese_Ln.14 JLPT Intermediate_Japanese
古代,こだい,ancient times,古代,JLPT_1 JLPT
こたつ,こたつ,"table with heater, (originally) charcoal brazier in a floor well",暖桌,JLPT_1 JLPT
こだわる,こだわる,"to fuss over, to be particular about",拘泥於,JLPT_1 JLPT
誇張,こちょう,exaggeration,誇張,JLPT_1 JLPT
滑稽,こっけい,"funny, humorous, comical",滑稽,JLPT_1 JLPT
国交,こっこう,diplomatic relations,外交關係,JLPT_1 JLPT
骨董品,こっとうひん,curio,古董,JLPT_1 JLPT
固定,こてい,"fixation, fixing (e.g., salary, capital)",固定,JLPT_1 JLPT
事柄,ことがら,"matter, thing, affair, circumstance",事情,JLPT_1 JLPT
孤独,こどく,"isolation, loneliness, solitude",孤獨,JLPT_1 JLPT
ことごとく,ことごとく,"altogether, entirely",完全地,JLPT_1 JLPT
言付け,ことづけ,to leave a message,留話,JLPT_1 JLPT
殊に,ことに,"especially, above all",特別是,JLPT_1 JLPT
粉々,こなごな,in very small pieces,粉碎,JLPT_1 JLPT
好ましい,このましい,"nice, likable, desirable",令人喜愛的,JLPT_1 JLPT
碁盤,ごばん,Go board,圍棋盤,JLPT_1 JLPT
個別,こべつ,particular case,個別,JLPT_1 JLPT
ごまかす,ごまかす,"to deceive, to falsify, to misrepresent",欺騙,JLPT_1 JLPT
細やか,こまやか,"meager, modest",細緻的,JLPT_1 JLPT
コマーシャル,コマーシャル,a commercial,廣告,JLPT_1 JLPT
込める,こめる,"to include, to put into",包含,JLPT_1 JLPT
コメント,コメント,comment,評論,JLPT_1 JLPT
籠もる,こもる,"to seclude oneself, to be confined in",閉門不出,JLPT_1 JLPT
固有,こゆう,"characteristic, tradition, peculiar",固有,JLPT_1 JLPT
暦,こよみ,"calendar, almanac",日曆,JLPT_1 JLPT
凝らす,こらす,"to concentrate, to devote, to peer into",專注,JLPT_1 JLPT
孤立,こりつ,"isolation, helplessness",孤立,JLPT_1 JLPT
懲りる,こりる,"to learn by experience, to be disgusted with",受教訓,JLPT_1 JLPT
凝る,こる,"to stiffen, to harden",僵硬,JLPT_1 JLPT
根気,こんき,"patience; perseverance, energy",耐心,JLPT_1 JLPT
根拠,こんきょ,"basis, foundation",根據,JLPT_1 JLPT
混血,こんけつ,"mixed race, mixed parentage",混血,JLPT_1 JLPT
昆虫,こんちゅう,"insect, bug",昆蟲,JLPT_1 JLPT
根底,こんてい,"root, basis, foundation",根底,JLPT_1 JLPT
混同,こんどう,"confusion, mixing, merger",混同,JLPT_1 JLPT
コントラスト,コントラスト,contrast,對比,JLPT_1 JLPT
コントロール,コントロール,control,控制,JLPT_1 JLPT
コンパス,コンパス,compass,指南針,JLPT_1 JLPT
根本,こんぽん,"foundation, root, base",根本,JLPT_1 JLPT
財,ざい,"fortune, riches",財富,JLPT_1 JLPT
再会,さいかい,"meeting again, reunion",重逢,JLPT_1 JLPT
災害,さいがい,"calamity, disaster, misfortune",災害,JLPT_1 JLPT
細菌,さいきん,"bacillus, bacterium, germ",細菌,JLPT_1 JLPT
細工,さいく,"work, craftsmanship, trick",工藝品,JLPT_1 JLPT
採掘,さいくつ,mining,採掘,JLPT_1 JLPT
サイクル,サイクル,cycle,循環,JLPT_1 JLPT
採決,さいけつ,"vote, roll call",表決,JLPT_1 JLPT
再建,さいけん,(temple or shrine) rebuilding,重建,JLPT_1 JLPT
再現,さいげん,"reproduction, return, revival",再現,JLPT_1 JLPT
財源,ざいげん,"source of funds, resources, finances",財源,JLPT_1 JLPT
在庫,ざいこ,"stockpile, stock",庫存,JLPT_1 JLPT
採算,さいさん,profit,收支平衡,JLPT_1 JLPT
サイズ,サイズ,size,尺寸,JLPT_1 JLPT
再生,さいせい,"playback, regeneration, resuscitation",再生,JLPT_1 JLPT
財政,ざいせい,"economy, financial affairs",財政,JLPT_1 JLPT
最善,さいぜん,the very best,最佳,JLPT_1 JLPT
採択,さいたく,"adoption, selection, choice",採納,JLPT_1 JLPT
栽培,さいばい,cultivation,栽培,JLPT_1 JLPT
再発,さいはつ,"return, relapse, reoccurrence",復發,JLPT_1 JLPT
細胞,さいぼう,cell,細胞,JLPT_1 JLPT
採用,さいよう,"use, adopt",採用,JLPT_1 JLPT
遮る,さえぎる,"to interrupt, to intercept, to obstruct",阻擋,JLPT_1 JLPT
さえずる,さえずる,"to sing, to chirp, to twitter",鳴啾,JLPT_1 JLPT
冴える,さえる,"to be clear, to be bright, to be skillful",清澈、技藝精湛,JLPT_1 JLPT
竿,さお,"rod, pole (e.g., for drying laundry)",竿子,JLPT_1 JLPT
栄える,さかえる,"to flourish, to prosper, to thrive",繁榮,JLPT_1 JLPT
差額,さがく,"balance, difference, margin",差額,JLPT_1 JLPT
杯,さかずき,wine cup,酒杯,JLPT_1 JLPT
逆立ち,さかだち,"handstand, headstand",倒立,JLPT_1 JLPT
詐欺,さぎ,"fraud, swindle",詐騙,JLPT_1 JLPT
削減,さくげん,"cut, reduction",削減,JLPT_1 JLPT
錯誤,さくご,mistake,錯誤,JLPT_1 JLPT
作戦,さくせん,"military operations, tactics, strategy",作戰,JLPT_1 JLPT
叫び,さけび,"shout, scream, outcry",叫喊,JLPT_1 JLPT
捧げる,ささげる,"to lift up, to give, to offer",奉獻,JLPT_1 JLPT
差し掛かる,さしかかる,"to come near to, to approach",接近,JLPT_1 JLPT
指図,さしず,"instruction, mandate",指示,JLPT_1 JLPT
差し出す,さしだす,"to present, to submit, to hold out",提出,JLPT_1 JLPT
差し支える,さしつかえる,"to interfere, to hinder",妨礙,JLPT_1 JLPT
授ける,さずける,"to grant, to award, to teach",授予,JLPT_1 JLPT
摩する,さする,"to rub, to stroke",摩擦,JLPT_1 JLPT
定まる,さだまる,"to become settled, to be fixed",確定,JLPT_1 JLPT
定める,さだめる,"to decide, to determine",決定,JLPT_1 JLPT
座談会,ざだんかい,"symposium, round-table discussion",座談會,JLPT_1 JLPT
雑,ざつ,"rough, crude",雜亂,JLPT_1 JLPT
雑貨,ざっか,"miscellaneous goods, general goods",雜貨,JLPT_1 JLPT
殺人,さつじん,murder,殺人,JLPT_1 JLPT
察する,さっする,"to guess, to sense, to judge",察覺,JLPT_1 JLPT
雑談,ざつだん,"chatting, idle talk",閒聊,JLPT_1 JLPT
さっと,さっと,"suddenly, smoothly",迅速地,JLPT_1 JLPT
さっぱりする,さっぱりする,to refresh,清爽,JLPT_1 JLPT
悟る,さとる,"to attain enlightenment, to understand",領悟,JLPT_1 JLPT
最中,さなか,"in the middle of, midst",正當中,JLPT_1 JLPT
座標,ざひょう,coordinates,座標,JLPT_1 JLPT
さほど,さほど,"not so, not that much",不那麼,JLPT_1 JLPT
サボる,サボる,to cut (skip) classes; to loaf on the job; to idle away one's time,翹課,JLPT Genki_Ln.11 Intermediate_Japanese JLPT_1 Intermediate_Japanese_Ln.13 Genki
様,さま,state; way (a person does something); Mr. or Mrs.,樣子,JLPT_1 JLPT Intermediate_Japanese Intermediate_Japanese_Ln.11
寒気,さむけ,"chill, shiver, cold",寒氣,JLPT_1 JLPT
侍,さむらい,samurai,武士,JLPT_1 JLPT Intermediate_Japanese_Ln.7 Intermediate_Japanese
さも,さも,"with gusto, with satisfaction",確實,JLPT_1 JLPT
作用,さよう,"operation, effect, function",作用,JLPT_1 JLPT
障る,さわる,"to hinder, to interfere with, to affect",妨礙,JLPT_1 JLPT
酸,さん,acid,酸,JLPT_1 JLPT
山岳,さんがく,mountains,山嶽,JLPT_1 JLPT
参議院,さんぎいん,House of Councilors,參議院,JLPT_1 JLPT
産休,さんきゅう,maternity leave,產假,JLPT_1 JLPT
サンキュー,サンキュー,thank you,謝謝,JLPT_1 JLPT
残金,ざんきん,remaining money,餘款,JLPT_1 JLPT
産後,さんご,"postpartum, after childbirth",產後,JLPT_1 JLPT
残酷,ざんこく,"cruelty, harshness",殘酷,JLPT_1 JLPT
産出,さんしゅつ,"yield, produce",產出,JLPT_1 JLPT
参照,さんしょう,"reference, consultation, consultation",參照,JLPT_1 JLPT
参上,さんじょう,"calling on, visiting",參見,JLPT_1 JLPT
残高,ざんだか,"(bank) balance, remainder",餘額,JLPT_1 JLPT
サンタクロース,サンタクロース,Santa Claus,聖誕老人,JLPT_1 JLPT Intermediate_Japanese_Ln.8 Intermediate_Japanese
桟橋,さんばし,"wharf, jetty, pier",棧橋,JLPT_1 JLPT
賛美,さんび,"praise, adoration, glorification",讚美,JLPT_1 JLPT
山腹,さんぷく,"hillside, mountainside",山腰,JLPT_1 JLPT
産婦人科,さんふじんか,maternity and gynecology department,婦產科,JLPT_1 JLPT
産物,さんぶつ,"product, result, fruit",產物,JLPT_1 JLPT
山脈,さんみゃく,mountain range,山脈,JLPT_1 JLPT
仕上がり,しあがり,"finish, end, completion",完成,JLPT_1 JLPT
仕上,しあげ,"end, finishing touches",完工,JLPT_1 JLPT
仕上げる,しあげる,"to finish up, to complete",完成,JLPT_1 JLPT
飼育,しいく,"breeding, raising, rearing",飼養,JLPT_1 JLPT
強いて,しいて,"to dare, to insist",勉強,JLPT_1 JLPT
シート,シート,seat; sheet,座位、床單,JLPT_1 JLPT
ジーパン,ジーパン,jeans,牛仔褲,JLPT_1 JLPT
仕入れる,しいれる,"to lay in stock, to replenish stock, to procure",進貨,JLPT_1 JLPT
強いる,しいる,"to force, to compel, to coerce",強迫,JLPT_1 JLPT
潮,しお,tide,潮汐,JLPT_1 JLPT
歯科,しか,dentistry,牙科,JLPT_1 JLPT
自我,じが,"self, ego",自我,JLPT_1 JLPT
自覚,じかく,self-conscious,自覺,JLPT_1 JLPT
仕掛,しかけ,"device, trick, mechanism",機關,JLPT_1 JLPT
仕掛ける,しかける,"to lay, to set, to wage",設置,JLPT_1 JLPT
しかしながら,しかしながら,"however, nevertheless",然而,JLPT_1 JLPT
色彩,しきさい,color,色彩,JLPT_1 JLPT
式場,しきじょう,"ceremonial hall, place of ceremony (e.g., marriage)",會場,JLPT_1 JLPT
しきたり,しきたり,"custom, conventional practice, tradition",習俗,JLPT_1 JLPT
事業,じぎょう,"project, enterprise, business",事業,JLPT_1 JLPT
軽蔑,けいべつ,"scorn, disdain",輕蔑,JLPT_1 JLPT
経歴,けいれき,"personal history, career",經歷,JLPT_1 JLPT
経路,けいろ,"course, route, channel",路線,JLPT_1 JLPT
けがらわしい,けがらわしい,"filthy, unfair",骯髒的,JLPT_1 JLPT
劇団,げきだん,"troupe, theatrical company",劇團,JLPT_1 JLPT
激励,げきれい,encouragement,激勵,JLPT_1 JLPT
ゲスト,ゲスト,guest,客人,JLPT_1 JLPT
獣,けだもの,"beast, brute",野獸,JLPT_1 JLPT
決,けつ,"decision, vote",決定,JLPT_1 JLPT
決意,けつい,"decision, determination",決意,JLPT_1 JLPT
結核,けっかく,tuberculosis,肺結核,JLPT_1 JLPT
決議,けつぎ,"resolution, vote, decision",決議,JLPT_1 JLPT
結合,けつごう,"combination, union",結合,JLPT_1 JLPT
決算,けっさん,"balance sheet, settlement of accounts",決算,JLPT_1 JLPT
月謝,げっしゃ,monthly tuition fee,月費,JLPT_1 JLPT
決勝,けっしょう,finals (in sports),決賽,JLPT_1 JLPT
結晶,けっしょう,"crystal, crystallization",結晶,JLPT_1 JLPT
結成,けっせい,formation,結成,JLPT_1 JLPT
結束,けっそく,"union, unity",團結,JLPT_1 JLPT
げっそり,げっそり,"being disheartened, losing weight",消瘦,JLPT_1 JLPT
決断,けつだん,"decision, determination",決斷,JLPT_1 JLPT
月賦,げっぷ,monthly installment,分期付款,JLPT_1 JLPT
欠乏,けつぼう,shortage,缺乏,JLPT_1 JLPT
蹴飛ばす,けとばす,"to kick away, to kick (someone)",踢開,JLPT_1 JLPT
けなす,けなす,to speak ill of,說壞話,JLPT_1 JLPT
煙たい,けむたい,"smoky, feeling awkward",煙霧瀰漫,JLPT_1 JLPT
煙る,けむる,"to smoke (e.g., fire)",冒煙,JLPT_1 JLPT
獣,けもの,"beast, brute",野獸,JLPT_1 JLPT
家来,けらい,"retainer, retinue, servant",家臣,JLPT_1 JLPT
下痢,げり,diarrhea,腹瀉,JLPT_1 JLPT Intermediate_Japanese_Ln.12 Intermediate_Japanese
権威,けんい,"authority, power, influence",權威,JLPT_1 JLPT
兼業,けんぎょう,holding two jobs at the same time,兼業,JLPT_1 Intermediate_Japanese_Ln.14 JLPT Intermediate_Japanese
原形,げんけい,"original form, base form",原形,JLPT_1 JLPT
原型,げんけい,"prototype, model, archetypal",原型,JLPT_1 JLPT
権限,けんげん,"power, authority, jurisdiction",權限,JLPT_1 JLPT
現行,げんこう,"present, current, in operation",現行,JLPT_1 JLPT
健在,けんざい,"in good health, well",健在,JLPT_1 JLPT
原作,げんさく,original work,原作,JLPT_1 JLPT
検事,けんじ,public prosecutor,檢察官,JLPT_1 JLPT
原子,げんし,atom,原子,JLPT_1 JLPT
元首,げんしゅ,"ruler, sovereign",元首,JLPT_1 JLPT
原書,げんしょ,original document,原書,JLPT_1 JLPT
懸賞,けんしょう,"offering prizes, winning, reward",懸賞,JLPT_1 JLPT
健全,けんぜん,"health, soundness, wholesome",健全,JLPT_1 JLPT
元素,げんそ,element,元素,JLPT_1 JLPT
同調,どうちょう,"sympathy, agree with, alignment",同調,JLPT_1 JLPT
到底,とうてい,(cannot) possibly,到底,JLPT_1 JLPT
動的,どうてき,"dynamic, kinetic",動態,JLPT_1 JLPT
尊い,とうとい,"precious, valuable, noble",尊貴的,JLPT_1 JLPT
貴い,とうとい,"precious, valuable, noble",珍貴的,JLPT_1 JLPT
同等,どうとう,"equality, equal, same rank",同等,JLPT_1 JLPT
堂々,どうどう,"magnificent, grand, impressive",堂堂正正,JLPT_1 JLPT
尊ぶ,とうとぶ,"to value, to prize, to esteem",尊重,JLPT_1 JLPT
どうにか,どうにか,"in some way or other, one way or another",好歹,JLPT_1 JLPT
投入,とうにゅう,"throw, investment, making (an electrical circuit)",投入,JLPT_1 JLPT
導入,どうにゅう,"introduction, bringing in, leading in",導入,JLPT_1 JLPT Intermediate_Japanese_Ln.12 Intermediate_Japanese
当人,とうにん,"the one concerned, the said person",當事人,JLPT_1 JLPT
同封,どうふう,"enclosure (e.g., in a letter)",同封,JLPT_1 JLPT
逃亡,とうぼう,escape,逃亡,JLPT_1 JLPT
冬眠,とうみん,"hibernation, winter sleep",冬眠,JLPT_1 JLPT
同盟,どうめい,"alliance, union, league",同盟,JLPT_1 JLPT
どうやら,どうやら,"it seems like, somehow or other",似乎,JLPT_1 JLPT
動力,どうりょく,"power, motive power, dynamic force",動力,JLPT_1 JLPT
登録,とうろく,"registration, register, record",登錄,JLPT_1 JLPT
討論,とうろん,discussion; debate,討論,JLPT_1 JLPT Intermediate_Japanese_Ln.15 Intermediate_Japanese
遠ざかる,とおざかる,to go far off,遠離,JLPT_1 JLPT
遠回り,とおまわり,"detour, roundabout way",繞路,JLPT_1 JLPT
トーン,トーン,tone,音調,JLPT_1 JLPT
とかく,とかく,"anyhow, anyway, in any case",總之,JLPT_1 JLPT
とがめる,とがめる,"to blame, to rebuke",責備,JLPT_1 JLPT
時折,ときおり,sometimes,偶爾,JLPT_1 JLPT
とぎれる,とぎれる,"to pause, to be interrupted",中斷,JLPT_1 JLPT
研ぐ,とぐ,"to sharpen, to grind, to polish",磨,JLPT_1 JLPT
特技,とくぎ,special talent; skill,特技,JLPT_1 JLPT Intermediate_Japanese_Ln.8 Intermediate_Japanese
独裁,どくさい,"dictatorship, despotism",獨裁,JLPT_1 JLPT
特産,とくさん,"specialty, special product",特產,JLPT_1 JLPT
独自,どくじ,"original, peculiar, characteristic",獨特,JLPT_1 JLPT
特集,とくしゅう,"feature (e.g., newspaper, special edition, report)",特集,JLPT_1 JLPT
独占,どくせん,monopoly,獨佔,JLPT_1 JLPT
独創,どくそう,originality,獨創,JLPT_1 JLPT
得点,とくてん,"score, points made",得分,JLPT_1 JLPT
特派,とくは,"send specially, special envoy",特派,JLPT_1 JLPT
特有,とくゆう,"characteristic (of, peculiar (to))",特有,JLPT_1 JLPT
遂げる,とげる,"to accomplish, to achieve, to carry out",完成,JLPT_1 JLPT
年頃,としごろ,"age, marriageable age, adolescence",年紀,JLPT_1 JLPT
戸締り,とじまり,"closing up, locking the doors",鎖門,JLPT_1 JLPT
途上,とじょう,"en/in route, half way",途中,JLPT_1 JLPT
土台,どだい,"foundation, base, basis",基礎,JLPT_1 JLPT
途絶える,とだえる,"to stop, to cease, to come to an end",中斷,JLPT_1 JLPT
特許,とっきょ,"special permission, patent",專利,JLPT_1 JLPT
特権,とっけん,"privilege, special right",特權,JLPT_1 JLPT
とっさに,とっさに,at once,瞬間,JLPT_1 JLPT
突如,とつじょ,"suddenly, all of a sudden",突然,JLPT_1 JLPT
とって,とって,"handle, grip, knob",把手,JLPT_1 JLPT
突破,とっぱ,"breaking through, breakthrough, penetration",突破,JLPT_1 JLPT
土手,どて,"embankment, bank",堤防,JLPT_1 JLPT
届,とどけ,"report, notification, registration",報告,JLPT_1 JLPT
滞る,とどこおる,"to stagnate, to be delayed",滯留,JLPT_1 JLPT
整える,ととのえる,"to put in order, to arrange, to adjust; to get ready, to prepare; to raise money",整理,JLPT_1 JLPT
止める,とどめる,"to end, to stop, to cease, to resign",停止,JLPT_1 JLPT
唱える,となえる,"to recite, to chant, to call upon",誦唸,JLPT_1 JLPT
殿様,とのさま,feudal lord,殿下,JLPT_1 JLPT
土俵,どひょう,arena,土俵,JLPT_1 JLPT
扉,とびら,"door, opening",門扉,JLPT_1 JLPT
溝,どぶ,"ditch, drain, gap",溝渠,JLPT_1 JLPT
徒歩,とほ,"walking, going on foot",步行,JLPT_1 JLPT
土木,どぼく,public works,土木,JLPT_1 JLPT
とぼける,とぼける,"to play dumb, to feign ignorance, to play innocent, to have a blank facial expression; to play the fool; to be in one's dotage",裝傻,JLPT_1 JLPT
乏しい,とぼしい,"meager, scarce, hard up, poor",缺乏的,JLPT_1 JLPT
富,とみ,"wealth, fortune",財富,JLPT_1 JLPT
富む,とむ,"to be rich, to become rich",富有,JLPT_1 JLPT
共稼ぎ,ともかせぎ,"working together, (husband and wife) earning a living together",夫妻同工,JLPT_1 JLPT
伴う,ともなう,"to accompany, to bring with",伴隨,JLPT_1 JLPT
共働き,ともばたらき,dual income (husband and wife both working),夫妻共同工作,JLPT_1 Intermediate_Japanese_Ln.14 JLPT Intermediate_Japanese
ドライ,ドライ,dry,乾燥,JLPT_1 JLPT
ドライクリーニング,ドライクリーニング,dry cleaning,乾洗,JLPT_1 JLPT
ドライバー,ドライバー,"driver, screwdriver",司機、螺絲起子,JLPT_1 JLPT
ドライブイン,ドライブイン,drive in,免下車服務,JLPT_1 JLPT
トラブル,トラブル,trouble (sometimes used as a verb),麻煩,JLPT_1 JLPT
トランジスター,トランジスター,transistor,電晶體,JLPT_1 JLPT
とりあえず,とりあえず,"at once, first of all, for the time being",首先,JLPT_1 JLPT
取扱,とりあつかい,"treatment, handling, management",處理,JLPT_1 JLPT
取り扱う,とりあつかう,"to treat, to handle, to deal in",處理,JLPT_1 JLPT
鳥居,とりい,Shinto shrine archway,鳥居,JLPT_1 JLPT
取り替え,とりかえ,"swap, exchange",更換,JLPT_1 JLPT
取り組む,とりくむ,"to tackle, to engage in a bout, to come to grips with",從事,JLPT_1 JLPT
取締り,とりしまり,"control, crackdown, supervision",取締,JLPT_1 JLPT
取り締まる,とりしまる,"to crack down, to control, to supervise",取締,JLPT_1 JLPT
取り調べる,とりしらべる,"to investigate, to examine",調查,JLPT_1 JLPT
取り立てる,とりたてる,"to collect, to extort",催收,JLPT_1 JLPT
取り次ぐ,とりつぐ,"to act as an agent for, to announce (someone), to convey (a message)",轉達,JLPT_1 JLPT
取り付ける,とりつける,"to furnish, to install; to get someone's agreement",安裝,JLPT_1 JLPT
取り除く,とりのぞく,"to remove, to take away, to set apart",除去,JLPT_1 JLPT
取引,とりひき,"transactions, dealings, business",交易,JLPT_1 JLPT
取り巻く,とりまく,"to surround, to circle, to enclose",包圍,JLPT_1 JLPT
取り混ぜる,とりまぜる,"to mix, to put together",混合,JLPT_1 JLPT
取り戻す,とりもどす,"to take back, to regain",取回,JLPT_1 JLPT
取り寄せる,とりよせる,"to order, to send away for",訂購,JLPT_1 JLPT
ドリル,ドリル,drill,鑽頭,JLPT_1 JLPT
副,とりわけ,"especially, above all",特別是,JLPT_1 JLPT
とろける,とろける,melt; to be enchanted with,融化,JLPT_1 JLPT
鈍感,どんかん,"thickheadedness, stolidity",遲鈍,JLPT_1 JLPT
とんだ,とんだ,"terrible, awful, serious, absolutely not",糟糕的,JLPT_1 JLPT
度忘れ,どわすれ,"lapse of memory, forget for a moment",一時忘記,JLPT_1 JLPT
問屋,とんや,wholesale store,批發商,JLPT_1 JLPT
内閣,ないかく,"cabinet, (government)",內閣,JLPT_1 JLPT
乃至,ないし,"from...to, between...and, or",至,JLPT_1 JLPT
内緒,ないしょ,"secrecy, privacy, secret",秘密,JLPT_1 JLPT
内心,ないしん,"innermost thoughts, real intention, inmost heart",內心,JLPT_1 JLPT
内蔵,ないぞう,internal organ; built-in,內藏,JLPT_1 JLPT
ナイター,ナイター,"game under lights (e.g., baseball), night game",夜間比賽,JLPT_1 JLPT
内部,ないぶ,"interior, inside, internal",內部,JLPT_1 JLPT
内乱,ないらん,"civil war, domestic conflict",內亂,JLPT_1 JLPT
内陸,ないりく,inland,內陸,JLPT_1 JLPT
苗,なえ,rice seedling,幼苗,JLPT_1 JLPT
なおさら,なおさら,"all the more, still less",更加,JLPT_1 JLPT
流し,ながし,sink,水槽,JLPT_1 JLPT
長々,ながなが,"long, drawn-out, very long",冗長,JLPT_1 JLPT
中程,なかほど,"middle, midway",中途,JLPT_1 JLPT
渚,なぎさ,"water's edge, beach, shore",海濱,JLPT_1 JLPT
嘆く,なげく,"to sigh, to lament, to grieve",嘆息,JLPT_1 JLPT
投げ出す,なげだす,"to abandon, to throw out",拋棄,JLPT_1 JLPT
仲人,なこうど,"go-between, matchmaker",媒人,JLPT_1 JLPT
和やか,なごやか,"mild, calm, harmonious",和諧,JLPT_1 JLPT
名残,なごり,"remains, traces, memory",餘韻,JLPT_1 JLPT
情け,なさけ,"sympathy, compassion",同情,JLPT_1 JLPT
情無い,なさけない,"miserable, pitiable, shameful",可憐,JLPT_1 JLPT
情深い,なさけぶかい,"tender-hearted, compassionate",有情義的,JLPT_1 JLPT
詰る,なじる,"to rebuke, to scold, to tell off",譴責,JLPT_1 JLPT
名高い,なだかい,"famous, celebrated, well-known",著名的,JLPT_1 JLPT
雪崩,なだれ,avalanche,雪崩,JLPT_1 JLPT
懐く,なつく,to become emotionally attached,依戀,JLPT_1 JLPT
名付ける,なづける,to name,命名,JLPT_1 JLPT
何気ない,なにげない,"casual, unconcerned",不經意的,JLPT_1 JLPT
なにとぞ,なにとぞ,"please, kindly, by all means",請務必,JLPT_1 JLPT
なにより,なにより,"most, best",最重要的,JLPT_1 JLPT
ナプキン,ナプキン,napkin,餐巾紙,JLPT_1 JLPT
名札,なふだ,"name plate, name tag",姓名牌,JLPT_1 JLPT
生臭い,なまぐさい,"smelling of fish or blood, fish or meat",腥味,JLPT_1 JLPT
生温い,なまぬるい,"lukewarm, halfhearted",溫熱的,JLPT_1 JLPT
生身,なまみ,"living flesh, flesh and blood, the quick",活體,JLPT_1 JLPT
鉛,なまり,lead (the metal),鉛,JLPT_1 JLPT
滑らか,なめらか,"smoothness, glassiness",滑順,JLPT_1 JLPT
嘗める,なめる,to lick; to experience; to make fun of,舔,JLPT_1 JLPT
悩ましい,なやましい,"seductive, melancholy, languid",煩惱的,JLPT_1 JLPT
悩ます,なやます,"to bother, to harass, to molest",煩擾,JLPT_1 JLPT
悩み,なやみ,"trouble(s), worry, distress",煩惱,JLPT_1 JLPT Genki_Ln.19 Genki
並びに,ならびに,and,以及,JLPT_1 JLPT
成り立つ,なりたつ,"to consist of; to be practical (logical, feasible, viable), to be concluded, to hold true",成立,JLPT_1 JLPT
なるたけ,なるたけ,"as much as possible, if possible",盡量,JLPT_1 JLPT
慣れ,なれ,"practice, experience",習慣,JLPT_1 JLPT
馴々しい,なれなれしい,"familiar, make free with",親暱的,JLPT_1 JLPT
ナンセンス,ナンセンス,nonsense,無意義,JLPT_1 JLPT
何だか,なんだか,"a little, somewhat, somehow",有點,JLPT_1 JLPT Intermediate_Japanese Intermediate_Japanese_Ln.11
なんだかんだ,なんだかんだ,something or other,這樣那樣,JLPT_1 JLPT
なんなり,なんなり,"anything, whatever",任何,JLPT_1 JLPT
荷,に,"load, baggage, cargo",行李,JLPT_1 JLPT
似通う,にかよう,to resemble closely,相似,JLPT_1 JLPT
にきび,にきび,"pimple, acne",青春痘,JLPT_1 JLPT
賑わう,にぎわう,"to prosper, to flourish, to be crowded with people",熱鬧,JLPT_1 JLPT
憎しみ,にくしみ,hatred,憎恨,JLPT_1 JLPT
肉親,にくしん,"blood relationship, blood relative",親屬,JLPT_1 JLPT
肉体,にくたい,"the body, the flesh",肉體,JLPT_1 JLPT
逃げ出す,にげだす,"to run away, to escape from",逃跑,JLPT_1 JLPT
西日,にしび,westering sun,西照陽光,JLPT_1 JLPT
滲む,にじむ,"to run, to blur, to spread",滲透,JLPT_1 JLPT
にせ物,にせもの,"imitation, counterfeit",偽品,JLPT_1 JLPT
日夜,にちや,"day and night, always",日夜,JLPT_1 JLPT
荷造り,にづくり,"packing, baling, crating",打包,JLPT_1 JLPT
担う,になう,"to carry on shoulder, to bear (burden), to shoulder (gun)",承擔,JLPT_1 JLPT
鈍る,にぶる,"to become less capable, to grow dull, to become blunt, to weaken",遲鈍,JLPT_1 JLPT
にも関わらず,にもかかわらず,"in spite of, nevertheless",儘管如此,JLPT_1 JLPT
ニュアンス,ニュアンス,nuance,微妙差異,JLPT_1 JLPT
ニュー,ニュー,new,新的,JLPT_1 JLPT
入手,にゅうしゅ,"obtaining, coming to hand",入手,JLPT_1 JLPT
入賞,にゅうしょう,winning a prize or place (in a contest,獲獎,JLPT_1 JLPT
入浴,にゅうよく,"bathe, bathing",洗澡,JLPT_1 JLPT
尿,にょう,urine,尿液,JLPT_1 JLPT
認識,にんしき,"recognition, cognizance",認識,JLPT_1 JLPT
妊娠,にんしん,"conception, pregnancy",懷孕,JLPT_1 JLPT
任務,にんむ,"duty, mission, task",任務,JLPT_1 JLPT
任命,にんめい,"appointment, nomination, ordination",任命,JLPT_1 JLPT
抜かす,ぬかす,"to omit, to leave out",省略,JLPT_1 JLPT
抜け出す,ぬけだす,"to slip out, to sneak away, to excel",溜出,JLPT_1 JLPT
主,ぬし,"owner, master, god",主人,JLPT_1 JLPT Intermediate_Japanese_Ln.13 Intermediate_Japanese
沼,ぬま,"swamp, bog, pond",沼澤,JLPT_1 JLPT
音色,ねいろ,"tone color, timbre",音色,JLPT_1 JLPT
値打ち,ねうち,"value, worth, price",價值,JLPT_1 JLPT
ネガ,ネガ,(photographic) negative,底片,JLPT_1 JLPT
寝かせる,ねかせる,"to put to bed, to lay down, to ferment",讓睡覺,JLPT_1 JLPT
ねじまわし,ねじまわし,screwdriver,螺絲起子,JLPT_1 JLPT
捩れる,ねじれる,"twist, strain",扭曲,JLPT_1 JLPT
妬む,ねたむ,"to be jealous, to be envious",嫉妒,JLPT_1 JLPT
ねだる,ねだる,"to nag, to demand",糾纏,JLPT_1 JLPT
熱意,ねつい,"zeal, enthusiasm",熱情,JLPT_1 JLPT
熱湯,ねっとう,boiling water,熱水,JLPT_1 JLPT
熱量,ねつりょう,calorific value,熱量,JLPT_1 JLPT
粘り,ねばり,"stickiness, viscosity",黏性,JLPT_1 JLPT
粘る,ねばる,"to be sticky, to be adhesive, to persist, to stick to",堅持,JLPT_1 JLPT
値引き,ねびき,"price reduction, discount",降價,JLPT_1 JLPT
根回し,ねまわし,making necessary arrangements,事前協調,JLPT_1 JLPT
眠たい,ねむたい,sleepy,想睡,JLPT_1 JLPT
練る,ねる,"to knead, to work over, to polish up",揉、練習,JLPT_1 JLPT
念,ねん,"sense, feeling, desire",念頭,JLPT_1 JLPT
年賀,ねんが,"New Year's greetings, New Year's card",賀年,JLPT_1 JLPT
念願,ねんがん,"one's heart's desire, earnest petition",願望,JLPT_1 JLPT
年号,ねんごう,"name of an era, year number",年號,JLPT_1 JLPT
燃焼,ねんしょう,"burning, combustion",燃燒,JLPT_1 JLPT
年長,ねんちょう,seniority,年長,JLPT_1 JLPT
燃料,ねんりょう,fuel,燃料,JLPT_1 JLPT
年輪,ねんりん,annual tree ring,年輪,JLPT_1 JLPT
ノイローゼ,ノイローゼ,neurosis (GER: Neurose),神經官能症,JLPT_1 JLPT
農耕,のうこう,"farming, agriculture",農耕,JLPT_1 JLPT
農場,のうじょう,farm,農場,JLPT_1 JLPT
農地,のうち,agricultural land,農地,JLPT_1 JLPT
納入,のうにゅう,"payment, supply",納入,JLPT_1 JLPT
逃す,のがす,"to let loose, to set free, to let escape",逃脫,JLPT_1 JLPT
逃れる,のがれる,to escape,逃脫,JLPT_1 JLPT
軒並,のきなみ,row of houses; uniformly,一律,JLPT_1 JLPT
望ましい,のぞましい,"desirable, hoped for",理想的,JLPT_1 JLPT
乗っ取る,のっとる,"to capture, to occupy, to take over",劫持,JLPT_1 JLPT
のどか,のどか,"tranquil, calm, quiet",悠閒,JLPT_1 JLPT
罵る,ののしる,"to speak ill of, to abuse",辱罵,JLPT_1 JLPT
延べ,のべ,"futures, credit (buying), stretching, total",總計,JLPT_1 JLPT
飲み込む,のみこむ,"to gulp down, to swallow deeply, to understand",吞下、理解,JLPT_1 JLPT Intermediate_Japanese_Ln.12 Intermediate_Japanese
乗り込む,のりこむ,"to board, to get into (a car); to march into, to enter",搭乘,JLPT_1 JLPT
刃,は,"blade, sword",刀刃,JLPT_1 JLPT
バー,バー,bar,酒吧,JLPT_1 JLPT
把握,はあく,"grasp, catch, understanding",掌握,JLPT_1 JLPT
パート,パート,part-time job,兼職,JLPT_1 JLPT Intermediate_Japanese_Ln.8 Intermediate_Japanese
廃棄,はいき,"disposal, abandon, discarding",廢棄,JLPT_1 JLPT
配給,はいきゅう,"distribution (e.g., films, rice",配給,JLPT_1 JLPT
ばい菌,ばいきん,"bacteria, germ(s)",細菌,JLPT_1 JLPT
配偶者,はいぐうしゃ,spouse,配偶者,JLPT_1 JLPT
拝啓,はいけい,-- a formal greeting used at the beginning of a letter --,敬啟者,Intermediate_Japanese_Ln.4 JLPT_1 JLPT Intermediate_Japanese
背景,はいけい,"background, scenery, setting",背景,JLPT_1 JLPT
背後,はいご,"back, rear",背後,JLPT_1 JLPT
廃止,はいし,"abolition, repeal",廢止,JLPT_1 JLPT
拝借,はいしゃく,(humble) (polite) borrowing,借用,JLPT_1 JLPT
排除,はいじょ,"exclusion, removal, rejection",排除,JLPT_1 JLPT
賠償,ばいしょう,"reparations, indemnity, compensation",賠償,JLPT_1 JLPT
排水,はいすい,drainage,排水,JLPT_1 JLPT
敗戦,はいせん,"defeat, losing a war",戰敗,JLPT_1 JLPT
配置,はいち,"arrangement (of resources), disposition",配置,JLPT_1 JLPT
配布,はいふ,distribution,分發,JLPT_1 JLPT
配分,はいぶん,"distribution, allotment",分配,JLPT_1 JLPT
敗北,はいぼく,defeat (as a verb it means 'to be defeated'),敗北,JLPT_1 JLPT
倍率,ばいりつ,"diameter, magnification",倍率,JLPT_1 JLPT
配慮,はいりょ,"consideration, concern, forethought",考慮,JLPT_1 JLPT
配列,はいれつ,"arrangement, array (programming)",排列,JLPT_1 JLPT
破壊,はかい,destruction,破壞,JLPT_1 JLPT
いたわる,いたわる,"to sympathize with, to console, to care for",關懷,JLPT_1 JLPT
一概に,いちがいに,"unconditionally, necessarily",一概,JLPT_1 JLPT
著しい,いちじるしい,"remarkable, considerable",顯著的,JLPT_1 JLPT
一同,いちどう,"all present, all concerned, all of us",全體,JLPT_1 JLPT
一部分,いちぶぶん,"a part, a portion",一部分,JLPT_1 JLPT
一別,いちべつ,parting,一別,JLPT_1 JLPT
一面,いちめん,"one side, the other hand",一面,JLPT_1 JLPT
一目,いちもく,"a glance, a look, a glimpse",一瞥,JLPT_1 JLPT
一様,いちよう,"uniform, similar, equal",一樣,JLPT_1 JLPT
一律,いちりつ,"even, uniform, equal",一律,JLPT_1 JLPT
一連,いちれん,"a series, a chain, a ream (of paper)",一連,JLPT_1 JLPT
一括,いっかつ,"all together, batch",一括,JLPT_1 JLPT
一気,いっき,"at one push, in one gulp",一口氣,JLPT_1 JLPT
一挙に,いっきょに,"at a stroke, with a single swoop",一舉,JLPT_1 JLPT
一見,いっけん,"a look, a glimpse, glance; first meeting",乍看,JLPT_1 JLPT
一切,いっさい,"without exception, the whole",一切,JLPT_1 JLPT
一心,いっしん,"one mind, with rapt attention",一心,JLPT_1 JLPT
いっそ,いっそ,"rather, sooner, might as well",乾脆,JLPT_1 JLPT
一変,いっぺん,complete change,大變,JLPT_1 JLPT
意図,いと,"intention, aim, design",意圖,JLPT_1 JLPT
営む,いとなむ,"to carry on (e.g., in ceremony), to run a business",經營,JLPT_1 JLPT
挑む,いどむ,to challenge,挑戰,JLPT_1 JLPT
稲光,いなびかり,(flash of) lightning,閃電,JLPT_1 JLPT
祈り,いのり,"prayer, supplication",祈禱,JLPT_1 JLPT
いびき,いびき,snoring,打鼾,JLPT_1 JLPT
今更,いまさら,"now, again",現在,JLPT_1 JLPT
未だ,いまだ,"yet, still",尚未,JLPT_1 JLPT
移民,いみん,"emigrant, immigrant",移民,JLPT_1 JLPT
嫌々,いやいや,"reluctantly, by no means, unwillingly",勉強,JLPT_1 JLPT
卑しい,いやしい,"greedy, vulgar, shabby",卑鄙的,JLPT_1 JLPT
いやに,いやに,"awfully, terribly",非常,JLPT_1 JLPT
いやらしい,いやらしい,"unpleasant, disgusting, indecent",討厭的,JLPT_1 JLPT
意欲,いよく,"will, desire, ambition",意慾,JLPT_1 JLPT
威力,いりょく,"power, might, authority",威力,JLPT_1 JLPT
衣類,いるい,"clothes, clothing, garments",衣類,JLPT_1 JLPT
異論,いろん,"different opinion, objection",異議,JLPT_1 JLPT
印鑑,いんかん,"stamp, seal",印章,JLPT_1 JLPT
陰気,いんき,"gloom, melancholy",陰沈,JLPT_1 JLPT
隠居,いんきょ,retirement; retired person,隱居,JLPT_1 JLPT
インターチェンジ,インターチェンジ,interchange,交流道,JLPT_1 JLPT
インターナショナル,インターナショナル,international,國際的,JLPT_1 JLPT
インターフォン,インターフォン,"entry phone, intercom",對講機,JLPT_1 JLPT
インテリ,インテリ,"(abbr.) egghead, intelligentsia",知識分子,JLPT_1 JLPT
インフォメーション,インフォメーション,information,資訊,JLPT_1 JLPT
インフレ,インフレ,(abbr.) inflation,通膨,JLPT_1 JLPT
受かる,うかる,to pass (examination),及格,JLPT_1 JLPT
受け入れ,うけいれ,"receiving, acceptance",接受,JLPT_1 JLPT
受け入れる,うけいれる,"to accept, to receive",接受,JLPT_1 JLPT
受け継ぐ,うけつぐ,"to inherit, to succeed",繼承,JLPT_1 JLPT
受け付ける,うけつける,"to be accepted, to receive (an application)",受理,JLPT_1 JLPT
受け止める,うけとめる,"to catch, to react to, to take",接受,JLPT_1 JLPT
受身,うけみ,"passive, passive voice",被動,JLPT_1 JLPT
受持ち,うけもち,"charge (of something), matter in one's charge",負責,JLPT_1 JLPT
動き,うごき,"movement, activity, trend",動作,JLPT_1 JLPT
埋める,うずめる,"to bury, to fill",埋,JLPT_1 JLPT
嘘つき,うそつき,liar,說謊者,JLPT_1 JLPT
うたた寝,うたたね,"dozing, napping",打盹,JLPT_1 JLPT
打ち明ける,うちあける,"to confess, to be open",坦白,JLPT_1 JLPT
打ち切る,うちきる,"to stop, to abort, to discontinue, to close",中止,JLPT_1 JLPT
打ち消し,うちけし,"(gram) negation, denial, negative",否定,JLPT_1 JLPT
打ち込む,うちこむ,"to devote oneself to, to shoot into",投入,JLPT_1 JLPT
団扇,うちわ,fan,扇子,JLPT_1 JLPT
内訳,うちわけ,"the items, breakdown, classification",內容明細,JLPT_1 JLPT
写し,うつし,"copy, duplicate",複製,JLPT_1 JLPT
訴え,うったえ,"lawsuit, complaint",訴訟,JLPT_1 JLPT
うっとうしい,うっとうしい,"weary, annoying",鬱悶的,JLPT_1 JLPT
うつむく,うつむく,"to look downward, to stoop",低頭,JLPT_1 JLPT
空ろ,うつろ,"blank, hollow, empty",空虛,JLPT_1 JLPT
器,うつわ,"bowl, vessel, container",容器,JLPT_1 JLPT
腕前,うでまえ,"ability, skill, facility",技術,JLPT_1 JLPT
雨天,うてん,rainy weather,雨天,JLPT_1 JLPT
促す,うながす,"to urge, to suggest, to demand",催促,JLPT_1 JLPT
うぬぼれ,うぬぼれ,"pretension, conceit, hubris",自負,JLPT_1 JLPT
生まれつき,うまれつき,"by nature, by birth, native",天生,JLPT_1 JLPT
埋め込む,うめこむ,"to embed, implant",嵌入,JLPT_1 JLPT
梅干し,うめぼし,dried plum,梅乾,JLPT_1 JLPT
裏返し,うらがえし,"inside out, reverse",裡外顛倒,JLPT_1 JLPT
売り出し,うりだし,(bargain) sale,拍賣,JLPT_1 JLPT
売り出す,うりだす,"to put on sale, to market",上市,JLPT_1 JLPT
潤う,うるおう,to be moist; to profit by,潤濕,JLPT_1 JLPT
浮気,うわき,"affair, to cheat",外遇,JLPT_1 JLPT
上回る,うわまわる,to exceed,超過,JLPT_1 JLPT
植わる,うわる,to be planted,種植,JLPT_1 JLPT
運営,うんえい,"management, administration, operation",經營,JLPT_1 JLPT
うんざり,うんざり,"tedious, boring, being fed up with",厭煩,JLPT_1 JLPT
運送,うんそう,"shipping, freight",運送,JLPT_1 JLPT
運賃,うんちん,"freight rates, shipping expenses, (passenger) fare",運費,JLPT_1 JLPT Intermediate_Japanese_Ln.10 Intermediate_Japanese
云々,うんぬん,"and so on, and so forth",等等,JLPT_1 JLPT
運搬,うんぱん,"transport, carriage",搬運,JLPT_1 JLPT
運命,うんめい,fate,命運,JLPT_1 JLPT
運輸,うんゆ,transportation,運輸,JLPT_1 JLPT
運用,うんよう,"making use of, application, practical use",運用,JLPT_1 JLPT
エアメール,エアメール,air mail,航空郵件,JLPT_1 JLPT
英字,えいじ,English letter (character),英文字母,JLPT_1 JLPT
映写,えいしゃ,projection,投影,JLPT_1 JLPT
映像,えいぞう,"reflection, image",影像,JLPT_1 JLPT
英雄,えいゆう,"hero, great man",英雄,JLPT_1 JLPT
液,えき,"liquid, fluid",液體,JLPT_1 JLPT
閲覧,えつらん,"inspection, reference, browse",閱覽,JLPT_1 JLPT
獲物,えもの,"game, spoils, trophy",獵物,JLPT_1 JLPT
襟,えり,"neck, collar",領子,JLPT_1 JLPT
エレガント,エレガント,elegant,優雅的,JLPT_1 JLPT
円滑,えんかつ,"harmony, smoothness",圓滑,JLPT_1 JLPT
縁側,えんがわ,"veranda, porch, balcony, open corridor",走廊,JLPT_1 JLPT
沿岸,えんがん,"coast, shore",沿岸,JLPT_1 JLPT
婉曲,えんきょく,"euphemistic, indirect, insinuating",委婉,JLPT_1 JLPT
演出,えんしゅつ,"production (erg. play, direction)",演出,JLPT_1 JLPT
エンジニア,エンジニア,engineer,工程師,JLPT_1 JLPT
演じる,えんじる,"to perform, to play (a part), to act",演出,JLPT_1 JLPT
演ずる,えんずる,"to perform, to play (a part), to act",演出,JLPT_1 JLPT
沿線,えんせん,along railway line,沿線,JLPT_1 JLPT
縁談,えんだん,marriage proposal,婚事,JLPT_1 JLPT
遠方,えんぽう,"long way, distant place",遠方,JLPT_1 JLPT
円満,えんまん,"harmony, peace, smoothness",圓滿,JLPT_1 JLPT
追い込む,おいこむ,"to herd, to corner, to drive",逼迫,JLPT_1 JLPT
追い出す,おいだす,"to expel, to drive out",趕出,JLPT_1 JLPT
於いて,おいて,"at, in, on",在,JLPT_1 JLPT
老いる,おいる,"to age, to grow old",老化,JLPT_1 JLPT
応急,おうきゅう,emergency,應急,JLPT_1 JLPT
黄金,おうごん,gold,黃金,JLPT_1 JLPT
往診,おうしん,"doctor's visit, house call",出診,JLPT_1 JLPT
応募,おうぼ,"subscription, application",應徵,JLPT_1 JLPT
大方,おおかた,"almost all, majority",大部分,JLPT_1 JLPT
大柄,おおがら,"large build, large pattern",大個子,JLPT_1 JLPT
おおげさ,おおげさ,"grandiose, exaggerated",誇張,JLPT_1 JLPT
大筋,おおすじ,"outline, summary",大綱,JLPT_1 JLPT
大空,おおぞら,"heaven, the sky",天空,JLPT_1 JLPT
オートマチック,オートマチック,automatic,自動的,JLPT_1 JLPT
大幅,おおはば,"full width, large scale, drastic",大幅,JLPT JLPT_1 MediaMissing
おおまかな,おおまかな,"rough, approximate",粗略的,JLPT_1 JLPT
大水,おおみず,flood,大水,JLPT_1 JLPT
公,おおやけ,public,公開,JLPT_1 JLPT
犯す,おかす,"to perpetrate, to violate",犯罪,JLPT_1 JLPT
侵す,おかす,"to invade, to raid, to trespass",侵犯,JLPT_1 JLPT
臆病,おくびょう,"cowardice, timidity",膽小,JLPT_1 JLPT
遅らす,おくらす,"to retard, to delay",延遲,JLPT_1 JLPT
厳か,おごそか,"majestic, dignified",莊嚴,JLPT_1 JLPT
行い,おこない,"conduct, behavior, action",行為,JLPT_1 JLPT
収まる,おさまる,to settle into; to be obtained,安定,JLPT_1 JLPT
納まる,おさまる,to settle into; to be obtained,安定,JLPT_1 JLPT
治まる,おさまる,"to be at peace, to calm down",平息,JLPT_1 JLPT
お産,おさん,(giving) birth,生產,JLPT_1 JLPT
押し切る,おしきる,to have one's own way,堅持,JLPT_1 JLPT
押し込む,おしこむ,"to push into, to crowd into",擠入,JLPT_1 JLPT
惜しむ,おしむ,"to be frugal, to value, to regret",珍惜,JLPT_1 JLPT
押し寄せる,おしよせる,"to push aside, to advance on",湧來,JLPT_1 JLPT
雄,おす,male (animal),雄性,JLPT_1 JLPT
御世辞,おせじ,"flattery, compliment",恭維,JLPT_1 JLPT
襲う,おそう,to attack,襲擊,JLPT_1 JLPT
遅くとも,おそくとも,at the latest,最遲,JLPT_1 JLPT
恐れ,おそれ,"fear, horror",恐懼,JLPT_1 JLPT
恐れ入る,おそれいる,"to be filled with awe, to feel small",敬畏,JLPT_1 JLPT
おだてる,おだてる,to flatter,奉承,JLPT_1 JLPT
落ち込む,おちこむ,to get depressed,沮喪,JLPT_1 Genki_Ln.16 JLPT Genki
落ち着き,おちつき,"calm, composure",冷靜,JLPT_1 JLPT
落葉,おちば,fallen leaves,落葉,JLPT_1 JLPT
乙,おつ,2nd in rank,乙,JLPT_1 JLPT
お使い,おつかい,errand,跑腿,JLPT_1 JLPT
おっかない,おっかない,"frightening, scary",可怕的,JLPT_1 JLPT
お手上げ,おてあげ,"given in, given up hope",束手無策,JLPT_1 JLPT
おどおど,おどおど,"coweringly, hesitantly",膽怯地,JLPT_1 JLPT
脅す,おどす,"to threaten, to menace",威脅,JLPT_1 JLPT
訪れる,おとずれる,to visit,拜訪,JLPT_1 JLPT
お供,おとも,"attendant, companion",隨從,JLPT_1 JLPT
衰える,おとろえる,"to become weak, to decline",衰弱,JLPT_1 JLPT
同い年,おないどし,of the same age,同年,JLPT_1 JLPT
自ずから,おのずから,"naturally, as a matter of course",自然地,JLPT_1 JLPT
怯える,おびえる,to become frightened,害怕,JLPT_1 JLPT
おびただしい,おびただしい,"abundantly, innumerably",大量的,JLPT_1 JLPT
脅かす,おびやかす,"to threaten, to coerce",威脅,JLPT_1 JLPT
帯びる,おびる,"to bear, to carry, to be entrusted",攜帶,JLPT_1 JLPT
お袋,おふくろ,mother,母親,JLPT_1 JLPT
覚え,おぼえ,"memory, sense, experience",記憶,JLPT_1 JLPT
おまけ,おまけ,a discount; something additional,附贈品,JLPT_1 JLPT
お宮,おみや,Shinto shrine,神社,JLPT_1 JLPT
おむつ,おむつ,"diaper, nappy",尿布,JLPT_1 JLPT
思い付き,おもいつき,"plan, idea, suggestion",想法,JLPT_1 JLPT
趣,おもむき,"flavor, appearance, quaint",風趣,JLPT_1 JLPT
赴く,おもむく,"to go, to proceed",前往,JLPT_1 JLPT
重んじる,おもんじる,"to respect, to honor, to esteem, to prize",重視,JLPT_1 JLPT
重んずる,おもんずる,"to honor, to respect, to value",重視,JLPT_1 JLPT
親父,おやじ,"one's father, old man, one's boss",老爸,JLPT_1 JLPT
及び,および,"and, as well as",以及,JLPT_1 JLPT
及ぶ,およぶ,"to reach, to extend",達到,JLPT_1 JLPT
折,おり,"chance, occasion",機會,JLPT_1 JLPT
檻,おり,"cage, pen, jail cell",籠子,JLPT_1 JLPT
オリエンテーション,オリエンテーション,orientation,導向,JLPT_1 JLPT
折り返す,おりかえす,"to turn up, to fold back",折返,JLPT_1 JLPT
織物,おりもの,"textile, fabric",織物,JLPT_1 JLPT
俺,おれ,I (ego) (boastful first-person pronoun),我,JLPT_1 JLPT
愚か,おろか,"foolish, stupid",愚蠢,JLPT_1 JLPT
おろそか,おろそか,"neglect, negligence, carelessness",疏忽,JLPT_1 JLPT
おんぶ,おんぶ,carrying on one's back (erg. Baby),背負,JLPT_1 JLPT
オンライン,オンライン,on-line,線上,JLPT_1 JLPT
温和,おんわ,"gentle, mild, moderate",溫和,JLPT_1 JLPT
我,が～,ego,自我,JLPT_1 JLPT
カーペット,カーペット,carpet,地毯,JLPT_1 JLPT
改悪,かいあく,"deterioration, changing for the worse",改壞,JLPT_1 JLPT
海運,かいうん,marine transportation,海運,JLPT_1 JLPT
外貨,がいか,foreign money,外幣,JLPT_1 JLPT
改革,かいかく,"reform, reformation, innovation",改革,JLPT_1 JLPT
貝殻,かいがら,shell,貝殼,JLPT_1 JLPT
外観,がいかん,"appearance, exterior, facade",外觀,JLPT_1 JLPT
階級,かいきゅう,"class, rank, grade",階級,JLPT_1 JLPT
海峡,かいきょう,channel,海峽,JLPT_1 JLPT
会見,かいけん,"interview, conference",會見,JLPT_1 JLPT
介護,かいご,nursing,照護,JLPT_1 JLPT
開催,かいさい,"holding a meeting, open an exhibition",舉辦,JLPT_1 JLPT
回収,かいしゅう,"collection, recovery",回收,JLPT_1 JLPT
改修,かいしゅう,"repair, improvement",修繕,JLPT_1 JLPT
怪獣,かいじゅう,monster,怪獸,JLPT_1 JLPT
解除,かいじょ,"cancellation, release, cancel",解除,JLPT_1 JLPT
外相,がいしょう,Foreign Minister,外交部長,JLPT_1 JLPT
害する,がいする,"to harm, to offend",危害,JLPT_1 JLPT
概説,がいせつ,"general statement, outline",概述,JLPT_1 JLPT
回送,かいそう,forwarding,轉送,JLPT_1 JLPT
階層,かいそう,"class, level, stratum, hierarchy",階層,JLPT_1 JLPT
開拓,かいたく,"cultivation, pioneer",開拓,JLPT_1 JLPT
会談,かいだん,"conversation, interview",會談,JLPT_1 JLPT
改定,かいてい,reform,改定,JLPT_1 JLPT
改訂,かいてい,revision,修訂,JLPT_1 JLPT
ガイド,ガイド,guide,導遊,JLPT_1 JLPT
街道,かいどう,highway,街道,JLPT_1 JLPT
該当,がいとう,"corresponding, answering to, coming under",相當,JLPT_1 JLPT
街頭,がいとう,in the street,街頭,JLPT_1 JLPT
ガイドブック,ガイドブック,guidebook,導覽手冊,JLPT_1 JLPT
介入,かいにゅう,intervention,介入,JLPT_1 JLPT
概念,がいねん,"general idea, concept, notion",概念,JLPT_1 JLPT
開発,かいはつ,"development, exploitation",開發,JLPT_1 JLPT
海抜,かいばつ,height above sea level,海拔,JLPT_1 JLPT
介抱,かいほう,"nursing, looking after",照料,JLPT_1 JLPT
解剖,かいぼう,"dissection, autopsy",解剖,JLPT_1 JLPT
外来,がいらい,"(abbr.) imported, outpatient clinic",外來,JLPT_1 JLPT
回覧,かいらん,circulation,傳閱,JLPT_1 JLPT
概略,がいりゃく,"outline, summary, gist",概要,JLPT_1 JLPT
海流,かいりゅう,ocean current,海流,JLPT_1 JLPT
改良,かいりょう,"improvement, reform",改良,JLPT_1 JLPT
回路,かいろ,circuit (electric),電路,JLPT_1 JLPT
海路,かいろ,sea route,海路,JLPT_1 JLPT
省みる,かえりみる,to reflect,反省,JLPT_1 JLPT
顧みる,かえりみる,"to look back, to turn around, to review",回顧,JLPT_1 JLPT
顔付き,かおつき,facial expression,表情,JLPT_1 JLPT
課外,かがい,extracurricular,課外,JLPT_1 JLPT
掲げる,かかげる,"to hoist, to fly (a sail), to float (a flag)",舉起,JLPT_1 JLPT
かかと,かかと,shoe heel,腳跟,JLPT_1 JLPT
書き取る,かきとる,"to write down, to take dictation",抄寫,JLPT_1 JLPT
掻き回す,かきまわす,"to stir up, to churn, to disturb",攪拌,JLPT_1 JLPT
学芸,がくげい,"arts and sciences, liberal arts",學藝,JLPT_1 JLPT
格差,かくさ,"difference, disparity",差距,JLPT_1 JLPT
拡散,かくさん,"scattering, diffusion",擴散,JLPT_1 JLPT
学士,がくし,university graduate,學士,JLPT_1 JLPT
各種,かくしゅ,"every kind, all sorts",各種,JLPT_1 JLPT
隔週,かくしゅう,every other week,隔週,JLPT_1 JLPT
確信,かくしん,"conviction, confidence",確信,JLPT_1 JLPT
革新,かくしん,"reform, innovation",革新,JLPT_1 JLPT
学説,がくせつ,theory,學說,JLPT_1 JLPT
確定,かくてい,"fixed, decision",確定,JLPT_1 JLPT
カクテル,カクテル,cocktail,雞尾酒,JLPT_1 JLPT
獲得,かくとく,"acquisition, possession",獲得,JLPT_1 JLPT
楽譜,がくふ,"score (music, sheet music)",樂譜,JLPT_1 JLPT
確保,かくほ,"guarantee, insure, secure",確保,JLPT_1 JLPT
革命,かくめい,revolution,革命,JLPT_1 JLPT
確立,かくりつ,establishment,確立,JLPT_1 JLPT
賭,かけ,"betting, gambling, a gamble",賭博,JLPT_1 JLPT
崖,がけ,cliff,懸崖,JLPT_1 JLPT
駆け足,かけあし,"running fast, double time",跑步,JLPT_1 JLPT
家計,かけい,"household economy, family finances",家計,JLPT_1 JLPT
駆けっこ,かけっこ,(foot) race,賽跑,JLPT_1 JLPT
加工,かこう,"manufacturing, processing, treatment",加工,JLPT_1 JLPT
化合,かごう,chemical combination,化合,JLPT_1 JLPT
かさばる,かさばる,to be bulky,佔體積,JLPT_1 JLPT
かさむ,かさむ,"to pile up, to increase",累積,JLPT_1 JLPT
箇条書,かじょうがき,"itemized form, itemization",條列,JLPT_1 JLPT
頭,かしら,"head, chief",頭,JLPT_1 JLPT
微か,かすか,"faint, dim, weak",微弱,JLPT_1 JLPT
霞む,かすむ,"to grow hazy, to be misty",朦朧,JLPT_1 JLPT
擦る,かする,"to rub, to chafe",摩擦,JLPT_1 JLPT
火星,かせい,Mars,火星,JLPT_1 JLPT
化石,かせき,"fossil, petrifaction, fossilization",化石,JLPT_1 JLPT
河川,かせん,rivers,河川,JLPT_1 JLPT
化繊,かせん,synthetic fibers,化纖,JLPT_1 JLPT
過疎,かそ,depopulation,人口過疏,JLPT_1 JLPT
片言,かたこと,"broken (in reference to speaking style, e.g., Japanese)",片言隻語,JLPT_1 JLPT Intermediate_Japanese_Ln.13 Intermediate_Japanese
傾ける,かたむける,"to incline, to tilt, to bend",傾斜,JLPT_1 JLPT
固める,かためる,"to harden, to freeze, to fortify",加固,JLPT_1 JLPT
傍ら,かたわら,"beside(s, while, nearby",旁邊,JLPT_1 JLPT
花壇,かだん,flower bed,花壇,JLPT_1 JLPT
家畜,かちく,"domestic animals, livestock, cattle",家畜,JLPT_1 JLPT
且つ,かつ,"yet, and",而且,JLPT_1 JLPT
がっくり,がっくり,heartbroken,心碎,JLPT_1 JLPT
合唱,がっしょう,"chorus, singing in a chorus",合唱,JLPT_1 JLPT
がっしり,がっしり,"firmly, solidly, tough",結實,JLPT_1 JLPT
合致,がっち,"agreement, concurrence, conforming to",符合,JLPT_1 JLPT
がっちり,がっちり,"solidly built, tightly",緊密,JLPT_1 JLPT
かつて,かつて,"once, before, formerly",曾經,JLPT_1 JLPT
勝手,かって,"kitchen; one's way, selfishness",任意,JLPT_1 JLPT
カット,カット,"cut, cutting",剪切,JLPT_1 JLPT
活発,かっぱつ,"vigor, active",活潑,JLPT_1 JLPT
合併,がっぺい,"combination, amalgamation, merger",合併,JLPT_1 JLPT
カテゴリー,カテゴリー,category,類別,JLPT_1 JLPT
叶う,かなう,to come true,實現,JLPT_1 JLPT
叶える,かなえる,"to grant (request, wish)",實現,JLPT_1 JLPT
金槌,かなづち,(iron) hammer,鐵鎚,JLPT_1 JLPT
かなわない,かなわない,"be beyond one's power, be unable",無法勝任,JLPT_1 JLPT
加入,かにゅう,"becoming a member, admission",加入,JLPT_1 JLPT
予て,かねて,"previously, already, lately",事先,JLPT_1 JLPT
庇う,かばう,"to protect someone, to&nbsp;&nbsp;cover up for someone",庇護,JLPT_1 JLPT
株式,かぶしき,stock,股票,JLPT_1 JLPT
かぶれる,かぶれる,to react to; to be influenced by,過敏,JLPT_1 JLPT
花粉,かふん,pollen,花粉,JLPT_1 JLPT
貨幣,かへい,"money, currency, coinage",貨幣,JLPT_1 JLPT
構える,かまえる,to set up,準備,JLPT_1 JLPT
過密,かみつ,crowded,過密,JLPT_1 JLPT
噛み切る,かみきる,"to bite off, to gnaw through",咬斷,JLPT_1 JLPT
カムバック,カムバック,comeback,復歸,JLPT_1 JLPT
カメラマン,カメラマン,cameraman,攝影師,JLPT_1 JLPT
粥,かゆ,rice porridge,粥,JLPT_1 JLPT
体付き,からだつき,"body build, figure",體型,JLPT_1 JLPT
絡む,からむ,"to entangle, to entwine",糾纏,JLPT_1 JLPT
かりに,かりに,"temporarily; if, for argument's sake",假如,JLPT_1 JLPT
カルテ,カルテ,clinical records (GER: Karte),病歷,JLPT_1 JLPT
ガレージ,ガレージ,garage (at house),車庫,JLPT_1 JLPT
過労,かろう,"overwork, strain",過勞,JLPT_1 JLPT
かろうじて,かろうじて,"barely, narrowly",勉強,JLPT_1 JLPT
交す,かわす,to exchange,交換,JLPT_1 JLPT
代る代る,かわるがわる,alternately,輪流,JLPT_1 JLPT
簡易,かんい,"simplicity, easiness, quasi-",簡易,JLPT_1 JLPT
灌漑,かんがい,irrigation,灌溉,JLPT_1 JLPT
眼科,がんか,ophthalmology,眼科,JLPT_1 JLPT
眼球,がんきゅう,eyeball,眼球,JLPT_1 JLPT
玩具,がんぐ,toy,玩具,JLPT_1 JLPT
簡潔,かんけつ,"brevity, concise, simple",簡潔,JLPT_1 JLPT
還元,かんげん,"resolution, reduction, return",還原,JLPT_1 JLPT
看護,かんご,nursing,護理,JLPT_1 JLPT
漢語,かんご,"Chinese word, Sino-Japanese word",漢語,JLPT_1 JLPT
頑固,がんこ,"stubbornness, obstinacy",頑固,JLPT_1 JLPT
勧告,かんこく,"advice, counsel",勸告,JLPT_1 JLPT
換算,かんさん,"conversion, change, exchange",換算,JLPT_1 JLPT
監視,かんし,"observation, guarding, surveillance",監視,JLPT_1 JLPT
慣習,かんしゅう,usual (historical) custom,慣習,JLPT_1 JLPT
観衆,かんしゅう,"spectators, audience",觀眾,JLPT_1 JLPT
願書,がんしょ,application form,申請書,JLPT_1 JLPT
干渉,かんしょう,"interference, intervention",干涉,JLPT_1 JLPT
頑丈,がんじょう,"solid, firm, strong",堅固,JLPT_1 JLPT
感触,かんしょく,"sense of touch, feeling, sensation",觸感,JLPT_1 JLPT
肝心,かんじん,"essential, fundamental, crucial",要緊,JLPT_1 JLPT
肝腎,かんじん,"essential, fundamental, crucial",要緊,JLPT_1 JLPT
関税,かんぜい,"customs, duty, tariff",關稅,JLPT_1 JLPT
岩石,がんせき,rock,岩石,JLPT_1 JLPT
感染,かんせん,"infection, contagion",感染,JLPT_1 JLPT
幹線,かんせん,"main line, trunk line",幹線,JLPT_1 JLPT
簡素,かんそ,"simplicity, plain",簡樸,JLPT_1 JLPT
観点,かんてん,point of view,觀點,JLPT_1 JLPT
感度,かんど,"sensitivity, severity (quake)",敏感度,JLPT_1 JLPT
カンニング,カンニング,"cunning, cheat",作弊,JLPT_1 JLPT
元年,がんねん,first year (of a specific reign),元年,JLPT_1 JLPT
幹部,かんぶ,"management, executive",幹部,JLPT_1 JLPT
完ぺき,かんぺき,"perfection, completeness, flawless",完美,JLPT_1 JLPT
勘弁,かんべん,"pardon, forgiveness, forbearance",饒恕,JLPT_1 JLPT
感無量,かんむりょう,"deep feeling, filled with emotion",感慨萬千,JLPT_1 JLPT
勧誘,かんゆう,"invitation, canvassing, inducement",勸誘,JLPT_1 Intermediate_Japanese_Ln.5 JLPT Intermediate_Japanese
関与,かんよ,"participation, taking part in",參與,JLPT_1 JLPT
寛容,かんよう,"forbearance, tolerance, generosity, involvement",寬容,JLPT_1 JLPT
元来,がんらい,"originally, naturally",本來,JLPT_1 JLPT
観覧,かんらん,viewing,觀覽,JLPT_1 JLPT
慣例,かんれい,"custom, precedent, of convention",慣例,JLPT_1 JLPT
還暦,かんれき,60th birthday,還曆,JLPT_1 JLPT
貫禄,かんろく,"presence, dignity",威嚴,JLPT_1 JLPT
緩和,かんわ,"relief, mitigation",緩和,JLPT_1 JLPT
議案,ぎあん,legislative bill,議案,JLPT_1 JLPT
危害,きがい,"injury, harm, danger",危害,JLPT_1 JLPT
企画,きかく,"planning, project",企劃,JLPT_1 Intermediate_Japanese_Ln.14 JLPT Intermediate_Japanese
規格,きかく,"standard, norm",規格,JLPT_1 JLPT
着飾る,きかざる,to dress up,打扮,JLPT_1 JLPT
気兼ね,きがね,"hesitance, diffidence, feeling constraint",顧慮,JLPT_1 JLPT
気軽,きがる,"cheerful, buoyant, lighthearted",輕鬆,JLPT_1 JLPT
危機,きき,crisis,危機,JLPT_1 JLPT
聞き取り,ききとり,listening comprehension,聽力理解,JLPT_1 JLPT
効き目,ききめ,"effect, virtue, efficacy",效果,JLPT_1 JLPT
帰京,ききょう,returning to Tokyo,回京,JLPT_1 JLPT
戯曲,ぎきょく,"play, drama",戲劇,JLPT_1 JLPT
基金,ききん,"fund, foundation",基金,JLPT_1 JLPT
喜劇,きげき,"comedy, funny show",喜劇,JLPT_1 JLPT
議決,ぎけつ,"resolution, decision, vote",議決,JLPT_1 JLPT
棄権,きけん,"abstain from voting, renunciation of a right",棄權,JLPT_1 JLPT
既婚,きこん,married,已婚,JLPT_1 JLPT
気障,きざ,"affectation, conceit, snobbery",做作,JLPT_1 JLPT
記載,きさい,"mention, entry",記載,JLPT_1 JLPT
兆,きざし,"sign, omen, indication",徵兆,JLPT_1 JLPT
気質,きしつ,"character, trait, temperament",氣質,JLPT_1 JLPT
期日,きじつ,"fixed date, settlement date",期日,JLPT_1 JLPT
きしむ,きしむ,"to jar, to creak, to grate",嘎吱響,JLPT_1 JLPT
議事堂,ぎじどう,Diet building,議事堂,JLPT_1 JLPT
記述,きじゅつ,"describing, descriptor",記述,JLPT_1 JLPT
気象,きしょう,"weather, climate",氣象,JLPT_1 JLPT
傷付く,きずつく,"to be hurt, to be wounded, to get injured",受傷,JLPT_1 JLPT
傷付ける,きずつける,"to wound, to hurt someone's feelings",傷害,JLPT_1 JLPT
犠牲,ぎせい,sacrifice,犧牲,JLPT_1 JLPT
汽船,きせん,steamship,汽船,JLPT_1 JLPT
寄贈,きぞう,"donation, presentation",捐贈,JLPT_1 JLPT
偽造,ぎぞう,"forgery, fabrication, counterfeiting",偽造,JLPT_1 JLPT
貴族,きぞく,"noble, aristocrat",貴族,JLPT_1 JLPT
議題,ぎだい,"topic of discussion, agenda",議題,JLPT_1 JLPT
鍛える,きたえる,"to forge, to train, to discipline",鍛鍊,JLPT_1 JLPT
気立て,きだて,"good-natured, kind-hearted",性情,JLPT_1 JLPT
来る,きたる,"to come, to approach,",即將到來,JLPT_1 JLPT
きちっと,きちっと,"exactly, perfectly",恰好,JLPT_1 JLPT
几帳面,きちょうめん,"methodical, punctual, steady",一絲不苟,JLPT_1 JLPT
きっかり,きっかり,"exactly, precisely",正好,JLPT_1 JLPT
きっちり,きっちり,"precisely, tightly",緊密,JLPT_1 JLPT
きっぱり,きっぱり,"clearly, plainly, distinctly",斷然,JLPT_1 JLPT
規定,きてい,"regulation, provisions",規定,JLPT_1 JLPT
起点,きてん,starting point,起點,JLPT_1 JLPT
軌道,きどう,orbit; track,軌道,JLPT_1 JLPT
技能,ぎのう,"technical skill, ability, capacity",技能,JLPT_1 JLPT
規範,きはん,"model, standard, example",規範,JLPT_1 JLPT
気品,きひん,"grace, elegance",氣質,JLPT_1 JLPT
気風,きふう,"character, traits, ethos",氣風,JLPT_1 JLPT
起伏,きふく,undulation,起伏,JLPT_1 JLPT
規模,きぼ,"scale, scope, plan, structure",規模,JLPT_1 JLPT
気まぐれ,きまぐれ,"whim, caprice, uneven temper",任性,JLPT_1 JLPT
生真面目,きまじめ,"serious, sincerity",認真,JLPT_1 JLPT
期末,きまつ,(end of the season or term),期末,JLPT_1 JLPT
きまりわるい,きまりわるい,"feeling awkward, being ashamed",尷尬,JLPT_1 JLPT
記名,きめい,"signature, register",記名,JLPT_1 JLPT
規約,きやく,"agreement, rules, code",規約,JLPT_1 JLPT
脚色,きゃくしょく,"dramatization (e.g., film",改編,JLPT_1 JLPT
逆転,ぎゃくてん,"(sudden) change, reversal, turn-around",逆轉,JLPT_1 JLPT
脚本,きゃくほん,scenario,劇本,JLPT_1 JLPT
華奢,きゃしゃ,"delicate, slender",纖細,JLPT_1 JLPT
客観,きゃっかん,objective,客觀,JLPT_1 JLPT
キャッチ,キャッチ,catch,接住,JLPT_1 JLPT
キャリア,キャリア,"career, career government employee",職業生涯,JLPT_1 JLPT
救援,きゅうえん,"relief, rescue, reinforcement",救援,JLPT_1 JLPT
休学,きゅうがく,"temporary absence from school, suspension",休學,JLPT_1 JLPT
究極,きゅうきょく,"ultimate, final, eventual",究極,JLPT_1 JLPT
窮屈,きゅうくつ,"narrow, tight, formal",拘束,JLPT_1 JLPT
球根,きゅうこん,(plant) bulb,球根,JLPT_1 JLPT
救済,きゅうさい,"relief, aid, rescue",救濟,JLPT_1 JLPT
給仕,きゅうじ,waiter,服務生,JLPT_1 JLPT
給食,きゅうしょく,"school lunch, providing a meal",營養午餐,JLPT_1 JLPT
休戦,きゅうせん,"truce, armistice",停戰,JLPT_1 JLPT
宮殿,きゅうでん,palace,宮殿,JLPT_1 JLPT
旧知,きゅうち,"old friend, old friendship",舊識,JLPT_1 JLPT
窮乏,きゅうぼう,poverty,窮困,JLPT_1 JLPT
寄与,きよ,"contribution, service",貢獻,JLPT_1 JLPT
強,きょう,strong,強,JLPT_1 JLPT
驚異,きょうい,"wonder, miracle",驚異,JLPT_1 JLPT
教科,きょうか,"subject, curriculum",教科,JLPT_1 JLPT
協会,きょうかい,"association, society, organization",協會,JLPT_1 JLPT
共学,きょうがく,coeducation,男女同校,JLPT_1 JLPT
共感,きょうかん,"sympathy, response",共感,JLPT_1 JLPT
境遇,きょうぐう,"environment, circumstances",境遇,JLPT_1 JLPT
教訓,きょうくん,"lesson, precept, moral instruction",教訓,JLPT_1 JLPT
強行,きょうこう,"forcing, enforcement",強行,JLPT_1 JLPT
強硬,きょうこう,"firm, vigorous, stubborn",強硬,JLPT_1 JLPT
教材,きょうざい,teaching materials,教材,JLPT_1 JLPT
凶作,きょうさく,"bad harvest, poor crop",凶作,JLPT_1 JLPT
業者,ぎょうしゃ,"trader, merchant",業者,JLPT_1 JLPT
教習,きょうしゅう,"training, instruction",教習,JLPT_1 JLPT
郷愁,きょうしゅう,"nostalgia, homesickness",思鄉,JLPT_1 JLPT
教職,きょうしょく,teaching profession,教職,JLPT_1 JLPT
興じる,きょうじる,"to amuse oneself, to make merry",娛樂,JLPT_1 JLPT
強制,きょうせい,"obligation, compulsion, enforcement",強制,JLPT_1 JLPT
行政,ぎょうせい,administration,行政,JLPT_1 JLPT
業績,ぎょうせき,"achievement, work, contribution",業績,JLPT_1 JLPT
共存,きょうぞん,coexistence,共存,JLPT_1 JLPT
協定,きょうてい,"arrangement, pact, agreement",協定,JLPT_1 JLPT
郷土,きょうど,homeland,鄉土,JLPT_1 JLPT
脅迫,きょうはく,"threat, coercion",威脅,JLPT_1 JLPT
業務,ぎょうむ,"business, duties, work",業務,JLPT_1 JLPT
共鳴,きょうめい,"resonance, sympathy",共鳴,JLPT_1 JLPT
郷里,きょうり,"birth-place, home town",故鄉,JLPT_1 JLPT
強烈,きょうれつ,"strong, intense, severe",強烈,JLPT_1 JLPT
共和,きょうわ,"republicanism, cooperation",共和,JLPT_1 JLPT
局限,きょくげん,"limit, localize",局限,JLPT_1 JLPT
極端,きょくたん,"extreme, extremity",極端,JLPT_1 JLPT
居住,きょじゅう,residence,居住,JLPT_1 JLPT
拒絶,きょぜつ,"refusal, rejection",拒絕,JLPT_1 JLPT
漁船,ぎょせん,fishing boat,漁船,JLPT_1 JLPT
漁村,ぎょそん,fishing village,漁村,JLPT_1 JLPT
拒否,きょひ,"denial, rejection, refusal",拒否,JLPT_1 JLPT
許容,きょよう,"permission, pardon",許容,JLPT_1 JLPT
清らか,きよらか,"clean, pure, chaste",清潔,JLPT_1 JLPT
きらびやか,きらびやか,"gorgeous, gaudy, dazzling",華麗,JLPT_1 JLPT
義理,ぎり,"debt of gratitude, obligation",義理,JLPT_1 JLPT
切替,きりかえ,"exchange, conversion, switchover",切換,JLPT_1 JLPT
気流,きりゅう,atmospheric current,氣流,JLPT_1 JLPT
切れ目,きれめ,"break, pause, gap",切口,JLPT_1 JLPT
疑惑,ぎわく,"doubt, misgivings, suspicion",疑惑,JLPT_1 JLPT
極めて,きわめて,"exceedingly, extremely (written expression)",極其,JLPT_1 JLPT Intermediate_Japanese_Ln.13 Intermediate_Japanese
近眼,きんがん,nearsightedness,近視,JLPT_1 JLPT
緊急,きんきゅう,"urgent, pressing, emergency",緊急,JLPT_1 JLPT
近郊,きんこう,"suburbs, outskirts",近郊,JLPT_1 JLPT
均衡,きんこう,"equilibrium, balance",均衡,JLPT_1 JLPT
禁じる,きんじる,to prohibit,禁止,JLPT_1 JLPT
勤勉,きんべん,"industry, diligence",勤勉,JLPT_1 JLPT
吟味,ぎんみ,"examination, careful investigation",吟味,JLPT_1 JLPT
勤務,きんむ,"service, duty, work",勤務,JLPT_1 JLPT
禁物,きんもつ,"taboo, forbidden thing",禁物,JLPT_1 JLPT
勤労,きんろう,"labor, exertion, diligent service",勤勞,JLPT_1 JLPT
クイズ,クイズ,quiz,測驗,JLPT_1 JLPT
食い違う,くいちがう,"to cross each other, to differ",不一致,JLPT_1 JLPT
空間,くうかん,"space, room, airspace",空間,JLPT_1 JLPT
空腹,くうふく,hunger,飢餓,JLPT_1 JLPT
区画,くかく,"division, section, area",區劃,JLPT_1 JLPT
区間,くかん,section,區間,JLPT_1 JLPT
茎,くき,stalk,莖,JLPT_1 JLPT
区切り,くぎり,"an end, a stop, punctuation",區隔,JLPT_1 JLPT
くぐる,くぐる,to pass through; to go around,穿過,JLPT_1 JLPT
くじびき,くじびき,"lottery, drawn lot",抽籤,JLPT_1 JLPT
くすぐったい,くすぐったい,ticklish,癢的,JLPT_1 JLPT
愚痴,ぐち,"idle complaint, grumble",抱怨,JLPT_1 JLPT
口吟む,くちずさむ,to humble,哼歌,JLPT_1 JLPT
嘴,くちばし,"beak, bill",鳥嘴,JLPT_1 JLPT
朽ちる,くちる,to rot,腐朽,JLPT_1 JLPT
覆す,くつがえす,"to overturn, to upset, to overthrow",推翻,JLPT_1 JLPT
くっきり,くっきり,"distinctly, clearly, boldly",清楚,JLPT_1 JLPT
屈折,くっせつ,"bending, indentation, refraction",折射,JLPT_1 JLPT
ぐっと,ぐっと,"firmly, fast, more",牢牢,JLPT_1 JLPT
首飾り,くびかざり,necklace,項鍊,JLPT_1 JLPT
首輪,くびわ,"necklace, choker",頸圈,JLPT_1 JLPT
組み込む,くみこむ,"to insert, to include, to cut in (printing)",組入,JLPT_1 JLPT
組み合わせる,くみあわせる,"to join together, to combine, to join up",組合,JLPT_1 JLPT
蔵,くら,"warehouse, cellar",倉庫,JLPT_1 JLPT
グレー,グレー,"grey, gray",灰色,JLPT_1 JLPT
クレーン,クレーン,crane,起重機,JLPT_1 JLPT
玄人,くろうと,"expert, professional",專家,JLPT_1 JLPT
黒字,くろじ,balance (figure) in the black,黑字,JLPT_1 JLPT
軍艦,ぐんかん,"warship, battleship",軍艦,JLPT_1 JLPT Intermediate_Japanese_Ln.8 Intermediate_Japanese
軍事,ぐんじ,military affairs,軍事,JLPT_1 JLPT
君主,くんしゅ,"ruler, monarch",君主,JLPT_1 JLPT
群集,ぐんしゅう,"(social) group, crowd, mob",群集,JLPT_1 JLPT
群衆,ぐんしゅう,"(social) group, crowd, mob",群眾,JLPT_1 JLPT
軍備,ぐんび,"armaments, military preparations",軍備,JLPT_1 JLPT
軍服,ぐんぷく,military or naval uniform,軍服,JLPT_1 JLPT
芸,げい,"art, accomplishment, performance",藝術,JLPT_1 JLPT
経過,けいか,"passage, progress",經過,JLPT_1 JLPT
軽快,けいかい,"lively, casual, light",輕快,JLPT_1 JLPT
警戒,けいかい,"warning, admonition, vigilance",警戒,JLPT_1 JLPT
敬具,けいぐ,Sincerely (used at the end of letter),敬具,Intermediate_Japanese_Ln.4 JLPT_1 JLPT Intermediate_Japanese
軽減,けいげん,"reduction, lessening",減輕,JLPT_1 JLPT
掲載,けいさい,"appearance (e.g., article in paper)",刊載,JLPT_1 JLPT
傾斜,けいしゃ,"inclination, slope, dip",傾斜,JLPT_1 JLPT
形成,けいせい,formation,形成,JLPT_1 JLPT
形勢,けいせい,"condition, situation, prospects",形勢,JLPT_1 JLPT
軽率,けいそつ,"thoughtless, careless, hasty",輕率,JLPT_1 JLPT
刑罰,けいばつ,"judgment, penalty, punishment",刑罰,JLPT_1 JLPT
経費,けいひ,"expenses, cost, outlay",經費,JLPT_1 JLPT
警部,けいぶ,police inspector,警部,JLPT_1 JLPT
転換,てんかん,"convert, divert",轉換,JLPT_1 JLPT
転居,てんきょ,"moving, changing residence",遷居,JLPT_1 JLPT
転勤,てんきん,transfer (to another office of a company),調職,JLPT_1 Intermediate_Japanese_Ln.14 JLPT Intermediate_Japanese
点検,てんけん,"inspection, examination, checking",檢查,JLPT_1 JLPT
電源,でんげん,"source of electricity, power (e.g., button on TV)",電源,JLPT_1 JLPT
天国,てんごく,"paradise, heaven, Kingdom of Heaven",天國,JLPT_1 JLPT
天才,てんさい,a genius,天才,JLPT_1 JLPT Intermediate_Japanese_Ln.8 Intermediate_Japanese
天災,てんさい,"natural calamity, disaster",天災,JLPT_1 JLPT
展示,てんじ,"exhibition, display",展示,JLPT_1 JLPT
伝説,でんせつ,"tradition, legend, folklore",傳說,JLPT_1 JLPT Intermediate_Japanese_Ln.8 Intermediate_Japanese
点線,てんせん,dotted line,虛線,JLPT_1 JLPT
転じる,てんじる,"to turn, to shift",轉變,JLPT_1 JLPT
転ずる,てんずる,"to turn, to shift",轉變,JLPT_1 JLPT
天体,てんたい,heavenly body,天體,JLPT_1 JLPT
伝達,でんたつ,"transmission (e.g., news, communication, delivery)",傳達,JLPT_1 JLPT
天地,てんち,"heaven and earth, the universe",天地,JLPT_1 JLPT
てんで,てんで,"(not) at all, altogether, entirely",完全不,JLPT_1 JLPT
転任,てんにん,change of post,調任,JLPT_1 JLPT
展望,てんぼう,"view, outlook, prospect",展望,JLPT_1 JLPT
伝来,でんらい,"ancestral, hereditary, imported",傳來,JLPT_1 JLPT
転落,てんらく,"fall, degradation",墜落,JLPT_1 JLPT
問い合わせる,といあわせる,"to inquire, to seek information",詢問,JLPT_1 JLPT
胴,どう,"trunk, body, frame",身軀,JLPT_1 JLPT
同意,どうい,"agreement, consent; same meaning",同意,JLPT_1 JLPT
動員,どういん,mobilization,動員,JLPT_1 JLPT
同感,どうかん,"agreement, same opinion, same feeling",同感,JLPT_1 JLPT
陶器,とうき,"pottery, ceramics",陶器,JLPT_1 JLPT
討議,とうぎ,"debate, discussion",討議,JLPT_1 JLPT
動機,どうき,"motive, incentive",動機,JLPT_1 JLPT
等級,とうきゅう,"grade, class",等級,JLPT_1 JLPT
同級,どうきゅう,"the same grade, same class",同級,JLPT_1 JLPT
同居,どうきょ,living together,同居,JLPT_1 JLPT
登校,とうこう,attendance (at school),上學,JLPT_1 JLPT
統合,とうごう,"integration, unification, synthesis",統合,JLPT_1 JLPT
動向,どうこう,"trend, tendency, movement, attitude",動向,JLPT_1 JLPT
投資,とうし,investment,投資,JLPT_1 JLPT
同情,どうじょう,"sympathy, compassion, sympathize",同情,JLPT_1 JLPT
道場,どうじょう,"(arch) dojo, hall used for martial arts training, mandala",道場,JLPT_1 JLPT
統制,とうせい,"regulation, control",統制,JLPT_1 JLPT
当選,とうせん,"being elected, winning the prize",當選,JLPT_1 JLPT
逃走,とうそう,"flight, desertion, escape",逃走,JLPT_1 JLPT
統率,とうそつ,"command, generalship, leadership",統率,JLPT_1 JLPT
到達,とうたつ,"reaching, attaining, arrival",到達,JLPT_1 JLPT
統治,とうち,"rule, reign, governing",統治,JLPT_1 JLPT
仕切る,しきる,"to partition, to divide, to mark off",分隔,JLPT_1 JLPT
資金,しきん,"funds, capital",資金,JLPT_1 JLPT
軸,じく,"axis, stem, shaft",軸,JLPT_1 JLPT
しくじる,しくじる,"to fail, to fall through, to blunder",失敗,JLPT_1 JLPT
仕組,しくみ,"structure, mechanism",結構,JLPT_1 JLPT
死刑,しけい,death penalty,死刑,JLPT_1 JLPT
湿気る,しける,"to be damp, to be moist",潮濕,JLPT_1 JLPT
施行,しこう,"enforcement, operation",施行,JLPT_1 JLPT
思考,しこう,thought,思考,JLPT_1 JLPT
志向,しこう,"intention, aim",志向,JLPT_1 JLPT
嗜好,しこう,"taste, liking, preference",嗜好,JLPT_1 JLPT
事項,じこう,"matter(s), item(s), facts",事項,JLPT_1 JLPT Intermediate_Japanese_Ln.15 Intermediate_Japanese
時刻表,じこくひょう,"timetable, (train) schedule",時刻表,JLPT_1 JLPT Intermediate_Japanese_Ln.10 Intermediate_Japanese
地獄,じごく,hell,地獄,JLPT_1 JLPT
時差,じさ,time difference,時差,JLPT_1 JLPT
自在,じざい,"freely, at will",自在,JLPT_1 JLPT
視察,しさつ,"inspection, observation",視察,JLPT_1 JLPT
資産,しさん,"property, fortune, assets",資產,JLPT_1 JLPT
支持,しじ,support,支持,JLPT_1 JLPT
自主,じしゅ,"independence, autonomy",自主,JLPT_1 JLPT
自首,じしゅ,"surrender, give oneself up",自首,JLPT_1 JLPT
刺繍,ししゅう,embroidery,刺繡,JLPT_1 JLPT
市場,しじょう,(the) market (as a concept),市場,JLPT_1 JLPT
辞職,じしょく,resignation,辭職,JLPT_1 JLPT
雫,しずく,drop (of water),水滴,JLPT_1 JLPT
システム,システム,system,系統,JLPT_1 JLPT
沈める,しずめる,"to sink, to submerge",沉沒,JLPT_1 JLPT
施設,しせつ,"establishment, facility",設施,JLPT_1 JLPT
事前,じぜん,"prior, beforehand, in advance",事前,JLPT_1 JLPT
子息,しそく,(hon.) son,兒子,JLPT_1 JLPT
持続,じぞく,"continuation, endurance",持續,JLPT_1 JLPT
自尊心,じそんしん,"self-respect, conceit",自尊心,JLPT_1 JLPT
慕う,したう,to yearn to adore,仰慕,JLPT_1 JLPT
下心,したごころ,"secret intention, motive",別有用心,JLPT_1 JLPT
下地,したじ,"groundwork, foundation",基礎,JLPT_1 JLPT
親しむ,したしむ,"to be intimate with, to befriend",親近,JLPT_1 JLPT
下調べ,したしらべ,preliminary investigation,事前調查,JLPT_1 JLPT
愛想,あいそう,sociability,親切,JLPT JLPT_1
間柄,あいだがら,relationship,關係,JLPT JLPT_1
合間,あいま,interval,間隙,JLPT JLPT_1
敢えて,あえて,"dare (to do), venture (to do), challenge (to do)",敢於,JLPT JLPT_1
仰ぐ,あおぐ,"to look up (to), to respect; to ask for",仰望,JLPT JLPT_1
垢,あか,"dirt, filth",污垢,JLPT JLPT_1
赤字,あかじ,"deficit, go in the red",赤字,JLPT JLPT_1
明かす,あかす,to reveal; to stay up,透露,JLPT JLPT_1
赤らむ,あからむ,"to become red, to blush",變紅,JLPT JLPT_1
上がり,あがり,"ascent; income; completion, stop",上升,JLPT JLPT_1
諦め,あきらめ,"resignation, reconciliation, consolation",放棄,JLPT JLPT_1
アクセル,アクセル,(abbr.) accelerator,油門,JLPT JLPT_1
あくどい,あくどい,gaudy vicious,惡劣,JLPT JLPT_1
顎,あご,chin,下巴,JLPT JLPT_1
憧れ,あこがれ,"yearning, longing, aspiration",憧憬,Intermediate_Japanese Intermediate_Japanese_Ln.8 JLPT JLPT_1
麻,あさ,hemp,麻,JLPT JLPT_1
あざ,あざ,"birthmark, bruise",痣,JLPT JLPT_1
浅ましい,あさましい,"shameful, mean, despicable",可恥,JLPT JLPT_1
欺く,あざむく,to deceive,欺騙,JLPT JLPT_1
鮮やか,あざやか,"vivid, clear",鮮豔,JLPT JLPT_1
嘲笑う,あざわらう,"to sneer at, to ridicule",嘲笑,JLPT JLPT_1
悪しからず,あしからず,"don't take me wrong, but..., I'm sorry",請勿見怪,JLPT JLPT_1
味わい,あじわい,"flavor, relish",味道,JLPT JLPT_1
焦る,あせる,"to be in a hurry, to be impatient",焦急,JLPT JLPT_1
値,あたい,"value, price, worth",價值,JLPT JLPT_1
値する,あたいする,"to be worth, to deserve",值得,JLPT JLPT_1
悪化,あっか,"deterioration, worsen",惡化,JLPT JLPT_1
扱い,あつかい,"treatment, service",待遇,JLPT JLPT_1
呆気ない,あっけない,"not enough, too quick (short, long, etc.)",令人失望,JLPT JLPT_1
あっさり,あっさり,"easily, readily, quickly",清爽,JLPT JLPT_1
斡旋,あっせん,"kind offices, mediation",仲介,JLPT JLPT_1
圧倒,あっとう,"overwhelm, overpower",壓倒,JLPT JLPT_1
圧迫,あっぱく,"pressure, coercion, oppression",壓迫,JLPT JLPT_1
あつらえる,あつらえる,"to give an order, to place an order",訂製,JLPT JLPT_1
圧力,あつりょく,"stress, pressure",壓力,JLPT JLPT_1
当て,あて,expectations; depend,指望,JLPT JLPT_1
当て字,あてじ,"phonetic-equivalent character, substitute character",借字,JLPT JLPT_1
跡継ぎ,あとつぎ,"heir, successor",繼承人,JLPT JLPT_1
後回し,あとまわし,"putting off, postponing",延後,JLPT JLPT_1
油絵,あぶらえ,oil painting,油畫,JLPT JLPT_1
アプローチ,アプローチ,approach (in golf),接近,JLPT JLPT_1
あべこべ,あべこべ,"contrary, opposite, inverse",顛倒,JLPT JLPT_1
甘える,あまえる,"to behave like a spoiled child, to fawn on",撒嬌,JLPT JLPT_1
雨具,あまぐ,rain gear,雨具,JLPT JLPT_1
甘口,あまくち,sweet flavor,甜味,JLPT JLPT_1
アマチュア,アマチュア,amateur,業餘,JLPT JLPT_1
網,あみ,net,網,JLPT JLPT_1
操る,あやつる,"to manipulate, to operate, to pull strings",操縱,JLPT JLPT_1expression,reading,meaning,ChineseMeaning,tags
現像,げんぞう,developing (film),沖洗（底片）,JLPT_1 JLPT
原則,げんそく,"principle, general rule",原則,JLPT_1 JLPT
見地,けんち,point of view,見解、觀點,JLPT_1 JLPT
現地,げんち,"actual place, local",現場、當地,JLPT_1 JLPT
限定,げんてい,"limit, restriction",限定、限制,JLPT_1 JLPT
原点,げんてん,"origin (coordinates, starting point)",原點,JLPT_1 JLPT
原典,げんてん,"original, source",原典、原始資料,JLPT_1 JLPT
原爆,げんばく,atomic bomb,原子彈,JLPT_1 JLPT
原文,げんぶん,"the text, original",原文,JLPT_1 JLPT
厳密,げんみつ,"strict, close",嚴密,JLPT_1 JLPT
賢明,けんめい,"wisdom, intelligence, prudence",賢明、明智,JLPT_1 JLPT
倹約,けんやく,"thrift, economy, frugality",節約,JLPT_1 JLPT
原油,げんゆ,crude oil,原油,JLPT_1 JLPT
兼用,けんよう,"multi-use, combined use",兼用,JLPT_1 JLPT
権力,けんりょく,"(political) power, authority, influence",權力,JLPT_1 JLPT
言論,げんろん,"discussion, speech",言論,JLPT_1 JLPT
語彙,ごい,"vocabulary, glossary",詞彙,JLPT_1 JLPT
恋する,こいする,"to fall in love with, to love",戀愛,JLPT_1 JLPT
甲,こう,1st in rank; shell,甲,JLPT_1 JLPT
好意,こうい,"good will, favor, courtesy",好意,JLPT_1 JLPT
行為,こうい,"act, deed, conduct",行為,JLPT_1 JLPT
合意,ごうい,"agreement, consent, mutual understanding",合意,JLPT_1 JLPT
工学,こうがく,engineering,工學,JLPT_1 JLPT
抗議,こうぎ,"protest, objection",抗議,JLPT_1 JLPT
合議,ごうぎ,"consultation, conference",會議,JLPT_1 JLPT
皇居,こうきょ,Imperial Palace,皇居,JLPT_1 JLPT
好況,こうきょう,"prosperous conditions, healthy economy",景氣好轉,JLPT_1 JLPT
鉱業,こうぎょう,mining industry,礦業,JLPT_1 JLPT
興業,こうぎょう,starting a business; industry,興業,JLPT_1 JLPT
高原,こうげん,"tableland, plateau",高原,JLPT_1 JLPT
交互,こうご,"mutual, reciprocal, alternate",交互、互相,JLPT_1 JLPT
煌々と,こうこうと,brightly,明亮地,JLPT_1 JLPT
考古学,こうこがく,archeology,考古學,JLPT_1 JLPT
工作,こうさく,"handicraft, maneuvering",工作、手工藝,JLPT_1 JLPT
耕作,こうさく,"cultivation, farming",耕作,JLPT_1 JLPT
鉱山,こうざん,mine,礦山,JLPT_1 JLPT
講習,こうしゅう,"short course, training",講習,JLPT_1 JLPT
口述,こうじゅつ,verbal statement,口述,JLPT_1 JLPT
控除,こうじょ,"subsidy, deduction",扣除,JLPT_1 JLPT
交渉,こうしょう,negotiation,交涉,JLPT_1 JLPT Intermediate_Japanese_Ln.8 Intermediate_Japanese
高尚,こうしょう,"high, noble, refined",高尚,JLPT_1 JLPT
向上,こうじょう,"rise, improvement, progress",向上,JLPT_1 JLPT
行進,こうしん,"march, parade",行進,JLPT_1 JLPT
香辛料,こうしんりょう,spices,香辛料,JLPT_1 JLPT
降水,こうすい,"rainfall, precipitation",降水,JLPT_1 JLPT
洪水,こうずい,flood,洪水,JLPT_1 JLPT
合成,ごうせい,"synthetic, mixed",合成,JLPT_1 JLPT
公然,こうぜん,openly,公然,JLPT_1 JLPT
抗争,こうそう,"dispute, resistance",抗爭,JLPT_1 JLPT
構想,こうそう,"plan, plot, idea, conception",構想,JLPT_1 JLPT
後退,こうたい,"retreat, backspace",後退,JLPT_1 JLPT
光沢,こうたく,"luster, glossy finish (of photographs)",光澤,JLPT_1 JLPT
公団,こうだん,public corporation,公團,JLPT_1 JLPT
好調,こうちょう,"satisfactory, in good shape",好調,JLPT_1 JLPT
口頭,こうとう,oral,口頭,JLPT_1 JLPT
講読,こうどく,reading,講讀,JLPT_1 JLPT
購読,こうどく,subscription,購讀,JLPT_1 JLPT
購入,こうにゅう,"purchase, buy",購入,JLPT_1 JLPT
公認,こうにん,"official recognition, authorization",公認,JLPT_1 JLPT
光熱費,こうねつひ,cost of fuel and light,水電費,JLPT_1 JLPT
購買,こうばい,"purchase, buy",購買,JLPT_1 JLPT
好評,こうひょう,"popularity, favorable reputation",好評,JLPT_1 JLPT
交付,こうふ,"delivering, furnishing (with copies)",交付,JLPT_1 JLPT
公募,こうぼ,"public appeal, public contribution",公開募集,JLPT_1 JLPT
巧妙,こうみょう,"ingenious, skillful, clever",巧妙,JLPT_1 JLPT
公用,こうよう,"government business, public use, public expense",公用,JLPT_1 JLPT
小売,こうり,retail,零售,JLPT_1 JLPT
効率,こうりつ,efficiency,效率,JLPT_1 JLPT
公立,こうりつ,public institution,公立,JLPT_1 JLPT
護衛,ごえい,"guard, convoy, escort",護衛,JLPT_1 JLPT
コーナー,コーナー,corner,角落,JLPT_1 JLPT
小柄,こがら,"small, diminutive",小個子,JLPT_1 JLPT
小切手,こぎって,"cheque, check",支票,JLPT_1 JLPT
国産,こくさん,domestic products,國產,JLPT_1 JLPT
国定,こくてい,"state-sponsored, national",國定,JLPT_1 JLPT
告白,こくはく,"confession, acknowledgment",告白,JLPT_1 JLPT
国防,こくぼう,national defense,國防,JLPT_1 JLPT
国有,こくゆう,national ownership,國有,JLPT_1 JLPT
極楽,ごくらく,paradise,極樂,JLPT_1 JLPT
国連,こくれん,"U.N., United Nations",聯合國,JLPT_1 JLPT
焦げ茶,こげちゃ,dark brown,深褐色,JLPT_1 JLPT
語源,ごげん,"word root, word derivation, etymology",語源,JLPT_1 JLPT
心地,ここち,"feeling, sensation, mood",心情,JLPT_1 JLPT
心得,こころえ,"knowledge, information",心得,JLPT_1 JLPT
心掛け,こころがけ,"readiness, intention, aim",心態,JLPT_1 JLPT
心掛ける,こころがける,"to bear in mind, to aim to do",留心,JLPT_1 JLPT
志,こころざし,"will, intention, motive",志向,JLPT_1 JLPT
志す,こころざす,"to plan, to intend, to aspire to",立志,JLPT_1 JLPT
心強い,こころづよい,"heartening, reassuring",令人安心的,JLPT_1 JLPT
心細い,こころぼそい,"helpless, hopeless, discouraging",令人擔心的,JLPT_1 JLPT
試み,こころみ,"trial, experiment",嘗試,JLPT_1 JLPT
試みる,こころみる,"to try, to test",嘗試,JLPT_1 JLPT
快い,こころよい,"pleasant, agreeable",愉快的,JLPT_1 JLPT
誤差,ごさ,error,誤差,JLPT_1 JLPT
孤児,こじ,orphan,孤兒,JLPT_1 JLPT
こじれる,こじれる,"to get complicated, to grow worse",變複雜,JLPT_1 JLPT
梢,こずえ,treetop,樹梢,JLPT_1 JLPT
個性,こせい,"individuality, personality, idiosyncrasy",個性,JLPT_1 JLPT
戸籍,こせき,"census, family register",戶籍,JLPT_1 Intermediate_Japanese_Ln.14 JLPT Intermediate_Japanese
古代,こだい,ancient times,古代,JLPT_1 JLPT
こたつ,こたつ,"table with heater, (originally) charcoal brazier in a floor well",暖桌,JLPT_1 JLPT
こだわる,こだわる,"to fuss over, to be particular about",拘泥於,JLPT_1 JLPT
誇張,こちょう,exaggeration,誇張,JLPT_1 JLPT
滑稽,こっけい,"funny, humorous, comical",滑稽,JLPT_1 JLPT
国交,こっこう,diplomatic relations,外交關係,JLPT_1 JLPT
骨董品,こっとうひん,curio,古董,JLPT_1 JLPT
固定,こてい,"fixation, fixing (e.g., salary, capital)",固定,JLPT_1 JLPT
事柄,ことがら,"matter, thing, affair, circumstance",事情,JLPT_1 JLPT
孤独,こどく,"isolation, loneliness, solitude",孤獨,JLPT_1 JLPT
ことごとく,ことごとく,"altogether, entirely",完全地,JLPT_1 JLPT
言付け,ことづけ,to leave a message,留話,JLPT_1 JLPT
殊に,ことに,"especially, above all",特別是,JLPT_1 JLPT
粉々,こなごな,in very small pieces,粉碎,JLPT_1 JLPT
好ましい,このましい,"nice, likable, desirable",令人喜愛的,JLPT_1 JLPT
碁盤,ごばん,Go board,圍棋盤,JLPT_1 JLPT
個別,こべつ,particular case,個別,JLPT_1 JLPT
ごまかす,ごまかす,"to deceive, to falsify, to misrepresent",欺騙,JLPT_1 JLPT
細やか,こまやか,"meager, modest",細緻的,JLPT_1 JLPT
コマーシャル,コマーシャル,a commercial,廣告,JLPT_1 JLPT
込める,こめる,"to include, to put into",包含,JLPT_1 JLPT
コメント,コメント,comment,評論,JLPT_1 JLPT
籠もる,こもる,"to seclude oneself, to be confined in",閉門不出,JLPT_1 JLPT
固有,こゆう,"characteristic, tradition, peculiar",固有,JLPT_1 JLPT
暦,こよみ,"calendar, almanac",日曆,JLPT_1 JLPT
凝らす,こらす,"to concentrate, to devote, to peer into",專注,JLPT_1 JLPT
孤立,こりつ,"isolation, helplessness",孤立,JLPT_1 JLPT
懲りる,こりる,"to learn by experience, to be disgusted with",受教訓,JLPT_1 JLPT
凝る,こる,"to stiffen, to harden",僵硬,JLPT_1 JLPT
根気,こんき,"patience; perseverance, energy",耐心,JLPT_1 JLPT
根拠,こんきょ,"basis, foundation",根據,JLPT_1 JLPT
混血,こんけつ,"mixed race, mixed parentage",混血,JLPT_1 JLPT
昆虫,こんちゅう,"insect, bug",昆蟲,JLPT_1 JLPT
根底,こんてい,"root, basis, foundation",根底,JLPT_1 JLPT
混同,こんどう,"confusion, mixing, merger",混同,JLPT_1 JLPT
コントラスト,コントラスト,contrast,對比,JLPT_1 JLPT
コントロール,コントロール,control,控制,JLPT_1 JLPT
コンパス,コンパス,compass,指南針,JLPT_1 JLPT
根本,こんぽん,"foundation, root, base",根本,JLPT_1 JLPT
財,ざい,"fortune, riches",財富,JLPT_1 JLPT
再会,さいかい,"meeting again, reunion",重逢,JLPT_1 JLPT
災害,さいがい,"calamity, disaster, misfortune",災害,JLPT_1 JLPT
細菌,さいきん,"bacillus, bacterium, germ",細菌,JLPT_1 JLPT
細工,さいく,"work, craftsmanship, trick",工藝品,JLPT_1 JLPT
採掘,さいくつ,mining,採掘,JLPT_1 JLPT
サイクル,サイクル,cycle,循環,JLPT_1 JLPT
採決,さいけつ,"vote, roll call",表決,JLPT_1 JLPT
再建,さいけん,(temple or shrine) rebuilding,重建,JLPT_1 JLPT
再現,さいげん,"reproduction, return, revival",再現,JLPT_1 JLPT
財源,ざいげん,"source of funds, resources, finances",財源,JLPT_1 JLPT
在庫,ざいこ,"stockpile, stock",庫存,JLPT_1 JLPT
採算,さいさん,profit,收支平衡,JLPT_1 JLPT
サイズ,サイズ,size,尺寸,JLPT_1 JLPT
再生,さいせい,"playback, regeneration, resuscitation",再生,JLPT_1 JLPT
財政,ざいせい,"economy, financial affairs",財政,JLPT_1 JLPT
最善,さいぜん,the very best,最佳,JLPT_1 JLPT
採択,さいたく,"adoption, selection, choice",採納,JLPT_1 JLPT
栽培,さいばい,cultivation,栽培,JLPT_1 JLPT
再発,さいはつ,"return, relapse, reoccurrence",復發,JLPT_1 JLPT
細胞,さいぼう,cell,細胞,JLPT_1 JLPT
採用,さいよう,"use, adopt",採用,JLPT_1 JLPT
遮る,さえぎる,"to interrupt, to intercept, to obstruct",阻擋,JLPT_1 JLPT
さえずる,さえずる,"to sing, to chirp, to twitter",鳴啾,JLPT_1 JLPT
冴える,さえる,"to be clear, to be bright, to be skillful",清澈、技藝精湛,JLPT_1 JLPT
竿,さお,"rod, pole (e.g., for drying laundry)",竿子,JLPT_1 JLPT
栄える,さかえる,"to flourish, to prosper, to thrive",繁榮,JLPT_1 JLPT
差額,さがく,"balance, difference, margin",差額,JLPT_1 JLPT
杯,さかずき,wine cup,酒杯,JLPT_1 JLPT
逆立ち,さかだち,"handstand, headstand",倒立,JLPT_1 JLPT
詐欺,さぎ,"fraud, swindle",詐騙,JLPT_1 JLPT
削減,さくげん,"cut, reduction",削減,JLPT_1 JLPT
錯誤,さくご,mistake,錯誤,JLPT_1 JLPT
作戦,さくせん,"military operations, tactics, strategy",作戰,JLPT_1 JLPT
叫び,さけび,"shout, scream, outcry",叫喊,JLPT_1 JLPT
捧げる,ささげる,"to lift up, to give, to offer",奉獻,JLPT_1 JLPT
差し掛かる,さしかかる,"to come near to, to approach",接近,JLPT_1 JLPT
指図,さしず,"instruction, mandate",指示,JLPT_1 JLPT
差し出す,さしだす,"to present, to submit, to hold out",提出,JLPT_1 JLPT
差し支える,さしつかえる,"to interfere, to hinder",妨礙,JLPT_1 JLPT
授ける,さずける,"to grant, to award, to teach",授予,JLPT_1 JLPT
摩する,さする,"to rub, to stroke",摩擦,JLPT_1 JLPT
定まる,さだまる,"to become settled, to be fixed",確定,JLPT_1 JLPT
定める,さだめる,"to decide, to determine",決定,JLPT_1 JLPT
座談会,ざだんかい,"symposium, round-table discussion",座談會,JLPT_1 JLPT
雑,ざつ,"rough, crude",雜亂,JLPT_1 JLPT
雑貨,ざっか,"miscellaneous goods, general goods",雜貨,JLPT_1 JLPT
殺人,さつじん,murder,殺人,JLPT_1 JLPT
察する,さっする,"to guess, to sense, to judge",察覺,JLPT_1 JLPT
雑談,ざつだん,"chatting, idle talk",閒聊,JLPT_1 JLPT
さっと,さっと,"suddenly, smoothly",迅速地,JLPT_1 JLPT
さっぱりする,さっぱりする,to refresh,清爽,JLPT_1 JLPT
悟る,さとる,"to attain enlightenment, to understand",領悟,JLPT_1 JLPT
最中,さなか,"in the middle of, midst",正當中,JLPT_1 JLPT
座標,ざひょう,coordinates,座標,JLPT_1 JLPT
さほど,さほど,"not so, not that much",不那麼,JLPT_1 JLPT
サボる,サボる,to cut (skip) classes; to loaf on the job; to idle away one's time,翹課,JLPT Genki_Ln.11 Intermediate_Japanese JLPT_1 Intermediate_Japanese_Ln.13 Genki
様,さま,state; way (a person does something); Mr. or Mrs.,樣子,JLPT_1 JLPT Intermediate_Japanese Intermediate_Japanese_Ln.11
寒気,さむけ,"chill, shiver, cold",寒氣,JLPT_1 JLPT
侍,さむらい,samurai,武士,JLPT_1 JLPT Intermediate_Japanese_Ln.7 Intermediate_Japanese
さも,さも,"with gusto, with satisfaction",確實,JLPT_1 JLPT
作用,さよう,"operation, effect, function",作用,JLPT_1 JLPT
障る,さわる,"to hinder, to interfere with, to affect",妨礙,JLPT_1 JLPT
酸,さん,acid,酸,JLPT_1 JLPT
山岳,さんがく,mountains,山嶽,JLPT_1 JLPT
参議院,さんぎいん,House of Councilors,參議院,JLPT_1 JLPT
産休,さんきゅう,maternity leave,產假,JLPT_1 JLPT
サンキュー,サンキュー,thank you,謝謝,JLPT_1 JLPT
残金,ざんきん,remaining money,餘款,JLPT_1 JLPT
産後,さんご,"postpartum, after childbirth",產後,JLPT_1 JLPT
残酷,ざんこく,"cruelty, harshness",殘酷,JLPT_1 JLPT
産出,さんしゅつ,"yield, produce",產出,JLPT_1 JLPT
参照,さんしょう,"reference, consultation, consultation",參照,JLPT_1 JLPT
参上,さんじょう,"calling on, visiting",參見,JLPT_1 JLPT
残高,ざんだか,"(bank) balance, remainder",餘額,JLPT_1 JLPT
サンタクロース,サンタクロース,Santa Claus,聖誕老人,JLPT_1 JLPT Intermediate_Japanese_Ln.8 Intermediate_Japanese
桟橋,さんばし,"wharf, jetty, pier",棧橋,JLPT_1 JLPT
賛美,さんび,"praise, adoration, glorification",讚美,JLPT_1 JLPT
山腹,さんぷく,"hillside, mountainside",山腰,JLPT_1 JLPT
産婦人科,さんふじんか,maternity and gynecology department,婦產科,JLPT_1 JLPT
産物,さんぶつ,"product, result, fruit",產物,JLPT_1 JLPT
山脈,さんみゃく,mountain range,山脈,JLPT_1 JLPT
仕上がり,しあがり,"finish, end, completion",完成,JLPT_1 JLPT
仕上,しあげ,"end, finishing touches",完工,JLPT_1 JLPT
仕上げる,しあげる,"to finish up, to complete",完成,JLPT_1 JLPT
飼育,しいく,"breeding, raising, rearing",飼養,JLPT_1 JLPT
強いて,しいて,"to dare, to insist",勉強,JLPT_1 JLPT
シート,シート,seat; sheet,座位、床單,JLPT_1 JLPT
ジーパン,ジーパン,jeans,牛仔褲,JLPT_1 JLPT
仕入れる,しいれる,"to lay in stock, to replenish stock, to procure",進貨,JLPT_1 JLPT
強いる,しいる,"to force, to compel, to coerce",強迫,JLPT_1 JLPT
潮,しお,tide,潮汐,JLPT_1 JLPT
歯科,しか,dentistry,牙科,JLPT_1 JLPT
自我,じが,"self, ego",自我,JLPT_1 JLPT
自覚,じかく,self-conscious,自覺,JLPT_1 JLPT
仕掛,しかけ,"device, trick, mechanism",機關,JLPT_1 JLPT
仕掛ける,しかける,"to lay, to set, to wage",設置,JLPT_1 JLPT
しかしながら,しかしながら,"however, nevertheless",然而,JLPT_1 JLPT
色彩,しきさい,color,色彩,JLPT_1 JLPT
式場,しきじょう,"ceremonial hall, place of ceremony (e.g., marriage)",會場,JLPT_1 JLPT
しきたり,しきたり,"custom, conventional practice, tradition",習俗,JLPT_1 JLPT
事業,じぎょう,"project, enterprise, business",事業,JLPT_1 JLPT
軽蔑,けいべつ,"scorn, disdain",輕蔑,JLPT_1 JLPT
経歴,けいれき,"personal history, career",經歷,JLPT_1 JLPT
経路,けいろ,"course, route, channel",路線,JLPT_1 JLPT
けがらわしい,けがらわしい,"filthy, unfair",骯髒的,JLPT_1 JLPT
劇団,げきだん,"troupe, theatrical company",劇團,JLPT_1 JLPT
激励,げきれい,encouragement,激勵,JLPT_1 JLPT
ゲスト,ゲスト,guest,客人,JLPT_1 JLPT
獣,けだもの,"beast, brute",野獸,JLPT_1 JLPT
決,けつ,"decision, vote",決定,JLPT_1 JLPT
決意,けつい,"decision, determination",決意,JLPT_1 JLPT
結核,けっかく,tuberculosis,肺結核,JLPT_1 JLPT
決議,けつぎ,"resolution, vote, decision",決議,JLPT_1 JLPT
結合,けつごう,"combination, union",結合,JLPT_1 JLPT
決算,けっさん,"balance sheet, settlement of accounts",決算,JLPT_1 JLPT
月謝,げっしゃ,monthly tuition fee,月費,JLPT_1 JLPT
決勝,けっしょう,finals (in sports),決賽,JLPT_1 JLPT
結晶,けっしょう,"crystal, crystallization",結晶,JLPT_1 JLPT
結成,けっせい,formation,結成,JLPT_1 JLPT
結束,けっそく,"union, unity",團結,JLPT_1 JLPT
げっそり,げっそり,"being disheartened, losing weight",消瘦,JLPT_1 JLPT
決断,けつだん,"decision, determination",決斷,JLPT_1 JLPT
月賦,げっぷ,monthly installment,分期付款,JLPT_1 JLPT
欠乏,けつぼう,shortage,缺乏,JLPT_1 JLPT
蹴飛ばす,けとばす,"to kick away, to kick (someone)",踢開,JLPT_1 JLPT
けなす,けなす,to speak ill of,說壞話,JLPT_1 JLPT
煙たい,けむたい,"smoky, feeling awkward",煙霧瀰漫,JLPT_1 JLPT
煙る,けむる,"to smoke (e.g., fire)",冒煙,JLPT_1 JLPT
獣,けもの,"beast, brute",野獸,JLPT_1 JLPT
家来,けらい,"retainer, retinue, servant",家臣,JLPT_1 JLPT
下痢,げり,diarrhea,腹瀉,JLPT_1 JLPT Intermediate_Japanese_Ln.12 Intermediate_Japanese
権威,けんい,"authority, power, influence",權威,JLPT_1 JLPT
兼業,けんぎょう,holding two jobs at the same time,兼業,JLPT_1 Intermediate_Japanese_Ln.14 JLPT Intermediate_Japanese
原形,げんけい,"original form, base form",原形,JLPT_1 JLPT
原型,げんけい,"prototype, model, archetypal",原型,JLPT_1 JLPT
権限,けんげん,"power, authority, jurisdiction",權限,JLPT_1 JLPT
現行,げんこう,"present, current, in operation",現行,JLPT_1 JLPT
健在,けんざい,"in good health, well",健在,JLPT_1 JLPT
原作,げんさく,original work,原作,JLPT_1 JLPT
検事,けんじ,public prosecutor,檢察官,JLPT_1 JLPT
原子,げんし,atom,原子,JLPT_1 JLPT
元首,げんしゅ,"ruler, sovereign",元首,JLPT_1 JLPT
原書,げんしょ,original document,原書,JLPT_1 JLPT
懸賞,けんしょう,"offering prizes, winning, reward",懸賞,JLPT_1 JLPT
健全,けんぜん,"health, soundness, wholesome",健全,JLPT_1 JLPT
元素,げんそ,element,元素,JLPT_1 JLPT
同調,どうちょう,"sympathy, agree with, alignment",同調,JLPT_1 JLPT
到底,とうてい,(cannot) possibly,到底,JLPT_1 JLPT
動的,どうてき,"dynamic, kinetic",動態,JLPT_1 JLPT
尊い,とうとい,"precious, valuable, noble",尊貴的,JLPT_1 JLPT
貴い,とうとい,"precious, valuable, noble",珍貴的,JLPT_1 JLPT
同等,どうとう,"equality, equal, same rank",同等,JLPT_1 JLPT
堂々,どうどう,"magnificent, grand, impressive",堂堂正正,JLPT_1 JLPT
尊ぶ,とうとぶ,"to value, to prize, to esteem",尊重,JLPT_1 JLPT
どうにか,どうにか,"in some way or other, one way or another",好歹,JLPT_1 JLPT
投入,とうにゅう,"throw, investment, making (an electrical circuit)",投入,JLPT_1 JLPT
導入,どうにゅう,"introduction, bringing in, leading in",導入,JLPT_1 JLPT Intermediate_Japanese_Ln.12 Intermediate_Japanese
当人,とうにん,"the one concerned, the said person",當事人,JLPT_1 JLPT
同封,どうふう,"enclosure (e.g., in a letter)",同封,JLPT_1 JLPT
逃亡,とうぼう,escape,逃亡,JLPT_1 JLPT
冬眠,とうみん,"hibernation, winter sleep",冬眠,JLPT_1 JLPT
同盟,どうめい,"alliance, union, league",同盟,JLPT_1 JLPT
どうやら,どうやら,"it seems like, somehow or other",似乎,JLPT_1 JLPT
動力,どうりょく,"power, motive power, dynamic force",動力,JLPT_1 JLPT
登録,とうろく,"registration, register, record",登錄,JLPT_1 JLPT
討論,とうろん,discussion; debate,討論,JLPT_1 JLPT Intermediate_Japanese_Ln.15 Intermediate_Japanese
遠ざかる,とおざかる,to go far off,遠離,JLPT_1 JLPT
遠回り,とおまわり,"detour, roundabout way",繞路,JLPT_1 JLPT
トーン,トーン,tone,音調,JLPT_1 JLPT
とかく,とかく,"anyhow, anyway, in any case",總之,JLPT_1 JLPT
とがめる,とがめる,"to blame, to rebuke",責備,JLPT_1 JLPT
時折,ときおり,sometimes,偶爾,JLPT_1 JLPT
とぎれる,とぎれる,"to pause, to be interrupted",中斷,JLPT_1 JLPT
研ぐ,とぐ,"to sharpen, to grind, to polish",磨,JLPT_1 JLPT
特技,とくぎ,special talent; skill,特技,JLPT_1 JLPT Intermediate_Japanese_Ln.8 Intermediate_Japanese
独裁,どくさい,"dictatorship, despotism",獨裁,JLPT_1 JLPT
特産,とくさん,"specialty, special product",特產,JLPT_1 JLPT
独自,どくじ,"original, peculiar, characteristic",獨特,JLPT_1 JLPT
特集,とくしゅう,"feature (e.g., newspaper, special edition, report)",特集,JLPT_1 JLPT
独占,どくせん,monopoly,獨佔,JLPT_1 JLPT
独創,どくそう,originality,獨創,JLPT_1 JLPT
得点,とくてん,"score, points made",得分,JLPT_1 JLPT
特派,とくは,"send specially, special envoy",特派,JLPT_1 JLPT
特有,とくゆう,"characteristic (of, peculiar (to))",特有,JLPT_1 JLPT
遂げる,とげる,"to accomplish, to achieve, to carry out",完成,JLPT_1 JLPT
年頃,としごろ,"age, marriageable age, adolescence",年紀,JLPT_1 JLPT
戸締り,とじまり,"closing up, locking the doors",鎖門,JLPT_1 JLPT
途上,とじょう,"en/in route, half way",途中,JLPT_1 JLPT
土台,どだい,"foundation, base, basis",基礎,JLPT_1 JLPT
途絶える,とだえる,"to stop, to cease, to come to an end",中斷,JLPT_1 JLPT
特許,とっきょ,"special permission, patent",專利,JLPT_1 JLPT
特権,とっけん,"privilege, special right",特權,JLPT_1 JLPT
とっさに,とっさに,at once,瞬間,JLPT_1 JLPT
突如,とつじょ,"suddenly, all of a sudden",突然,JLPT_1 JLPT
とって,とって,"handle, grip, knob",把手,JLPT_1 JLPT
突破,とっぱ,"breaking through, breakthrough, penetration",突破,JLPT_1 JLPT
土手,どて,"embankment, bank",堤防,JLPT_1 JLPT
届,とどけ,"report, notification, registration",報告,JLPT_1 JLPT
滞る,とどこおる,"to stagnate, to be delayed",滯留,JLPT_1 JLPT
整える,ととのえる,"to put in order, to arrange, to adjust; to get ready, to prepare; to raise money",整理,JLPT_1 JLPT
止める,とどめる,"to end, to stop, to cease, to resign",停止,JLPT_1 JLPT
唱える,となえる,"to recite, to chant, to call upon",誦唸,JLPT_1 JLPT
殿様,とのさま,feudal lord,殿下,JLPT_1 JLPT
土俵,どひょう,arena,土俵,JLPT_1 JLPT
扉,とびら,"door, opening",門扉,JLPT_1 JLPT
溝,どぶ,"ditch, drain, gap",溝渠,JLPT_1 JLPT
徒歩,とほ,"walking, going on foot",步行,JLPT_1 JLPT
土木,どぼく,public works,土木,JLPT_1 JLPT
とぼける,とぼける,"to play dumb, to feign ignorance, to play innocent, to have a blank facial expression; to play the fool; to be in one's dotage",裝傻,JLPT_1 JLPT
乏しい,とぼしい,"meager, scarce, hard up, poor",缺乏的,JLPT_1 JLPT
富,とみ,"wealth, fortune",財富,JLPT_1 JLPT
富む,とむ,"to be rich, to become rich",富有,JLPT_1 JLPT
共稼ぎ,ともかせぎ,"working together, (husband and wife) earning a living together",夫妻同工,JLPT_1 JLPT
伴う,ともなう,"to accompany, to bring with",伴隨,JLPT_1 JLPT
共働き,ともばたらき,dual income (husband and wife both working),夫妻共同工作,JLPT_1 Intermediate_Japanese_Ln.14 JLPT Intermediate_Japanese
ドライ,ドライ,dry,乾燥,JLPT_1 JLPT
ドライクリーニング,ドライクリーニング,dry cleaning,乾洗,JLPT_1 JLPT
ドライバー,ドライバー,"driver, screwdriver",司機、螺絲起子,JLPT_1 JLPT
ドライブイン,ドライブイン,drive in,免下車服務,JLPT_1 JLPT
トラブル,トラブル,trouble (sometimes used as a verb),麻煩,JLPT_1 JLPT
トランジスター,トランジスター,transistor,電晶體,JLPT_1 JLPT
とりあえず,とりあえず,"at once, first of all, for the time being",首先,JLPT_1 JLPT
取扱,とりあつかい,"treatment, handling, management",處理,JLPT_1 JLPT
取り扱う,とりあつかう,"to treat, to handle, to deal in",處理,JLPT_1 JLPT
鳥居,とりい,Shinto shrine archway,鳥居,JLPT_1 JLPT
取り替え,とりかえ,"swap, exchange",更換,JLPT_1 JLPT
取り組む,とりくむ,"to tackle, to engage in a bout, to come to grips with",從事,JLPT_1 JLPT
取締り,とりしまり,"control, crackdown, supervision",取締,JLPT_1 JLPT
取り締まる,とりしまる,"to crack down, to control, to supervise",取締,JLPT_1 JLPT
取り調べる,とりしらべる,"to investigate, to examine",調查,JLPT_1 JLPT
取り立てる,とりたてる,"to collect, to extort",催收,JLPT_1 JLPT
取り次ぐ,とりつぐ,"to act as an agent for, to announce (someone), to convey (a message)",轉達,JLPT_1 JLPT
取り付ける,とりつける,"to furnish, to install; to get someone's agreement",安裝,JLPT_1 JLPT
取り除く,とりのぞく,"to remove, to take away, to set apart",除去,JLPT_1 JLPT
取引,とりひき,"transactions, dealings, business",交易,JLPT_1 JLPT
取り巻く,とりまく,"to surround, to circle, to enclose",包圍,JLPT_1 JLPT
取り混ぜる,とりまぜる,"to mix, to put together",混合,JLPT_1 JLPT
取り戻す,とりもどす,"to take back, to regain",取回,JLPT_1 JLPT
取り寄せる,とりよせる,"to order, to send away for",訂購,JLPT_1 JLPT
ドリル,ドリル,drill,鑽頭,JLPT_1 JLPT
副,とりわけ,"especially, above all",特別是,JLPT_1 JLPT
とろける,とろける,melt; to be enchanted with,融化,JLPT_1 JLPT
鈍感,どんかん,"thickheadedness, stolidity",遲鈍,JLPT_1 JLPT
とんだ,とんだ,"terrible, awful, serious, absolutely not",糟糕的,JLPT_1 JLPT
度忘れ,どわすれ,"lapse of memory, forget for a moment",一時忘記,JLPT_1 JLPT
問屋,とんや,wholesale store,批發商,JLPT_1 JLPT
内閣,ないかく,"cabinet, (government)",內閣,JLPT_1 JLPT
乃至,ないし,"from...to, between...and, or",至,JLPT_1 JLPT
内緒,ないしょ,"secrecy, privacy, secret",秘密,JLPT_1 JLPT
内心,ないしん,"innermost thoughts, real intention, inmost heart",內心,JLPT_1 JLPT
内蔵,ないぞう,internal organ; built-in,內藏,JLPT_1 JLPT
ナイター,ナイター,"game under lights (e.g., baseball), night game",夜間比賽,JLPT_1 JLPT
内部,ないぶ,"interior, inside, internal",內部,JLPT_1 JLPT
内乱,ないらん,"civil war, domestic conflict",內亂,JLPT_1 JLPT
内陸,ないりく,inland,內陸,JLPT_1 JLPT
苗,なえ,rice seedling,幼苗,JLPT_1 JLPT
なおさら,なおさら,"all the more, still less",更加,JLPT_1 JLPT
流し,ながし,sink,水槽,JLPT_1 JLPT
長々,ながなが,"long, drawn-out, very long",冗長,JLPT_1 JLPT
中程,なかほど,"middle, midway",中途,JLPT_1 JLPT
渚,なぎさ,"water's edge, beach, shore",海濱,JLPT_1 JLPT
嘆く,なげく,"to sigh, to lament, to grieve",嘆息,JLPT_1 JLPT
投げ出す,なげだす,"to abandon, to throw out",拋棄,JLPT_1 JLPT
仲人,なこうど,"go-between, matchmaker",媒人,JLPT_1 JLPT
和やか,なごやか,"mild, calm, harmonious",和諧,JLPT_1 JLPT
名残,なごり,"remains, traces, memory",餘韻,JLPT_1 JLPT
情け,なさけ,"sympathy, compassion",同情,JLPT_1 JLPT
情無い,なさけない,"miserable, pitiable, shameful",可憐,JLPT_1 JLPT
情深い,なさけぶかい,"tender-hearted, compassionate",有情義的,JLPT_1 JLPT
詰る,なじる,"to rebuke, to scold, to tell off",譴責,JLPT_1 JLPT
名高い,なだかい,"famous, celebrated, well-known",著名的,JLPT_1 JLPT
雪崩,なだれ,avalanche,雪崩,JLPT_1 JLPT
懐く,なつく,to become emotionally attached,依戀,JLPT_1 JLPT
名付ける,なづける,to name,命名,JLPT_1 JLPT
何気ない,なにげない,"casual, unconcerned",不經意的,JLPT_1 JLPT
なにとぞ,なにとぞ,"please, kindly, by all means",請務必,JLPT_1 JLPT
なにより,なにより,"most, best",最重要的,JLPT_1 JLPT
ナプキン,ナプキン,napkin,餐巾紙,JLPT_1 JLPT
名札,なふだ,"name plate, name tag",姓名牌,JLPT_1 JLPT
生臭い,なまぐさい,"smelling of fish or blood, fish or meat",腥味,JLPT_1 JLPT
生温い,なまぬるい,"lukewarm, halfhearted",溫熱的,JLPT_1 JLPT
生身,なまみ,"living flesh, flesh and blood, the quick",活體,JLPT_1 JLPT
鉛,なまり,lead (the metal),鉛,JLPT_1 JLPT
滑らか,なめらか,"smoothness, glassiness",滑順,JLPT_1 JLPT
嘗める,なめる,to lick; to experience; to make fun of,舔,JLPT_1 JLPT
悩ましい,なやましい,"seductive, melancholy, languid",煩惱的,JLPT_1 JLPT
悩ます,なやます,"to bother, to harass, to molest",煩擾,JLPT_1 JLPT
悩み,なやみ,"trouble(s), worry, distress",煩惱,JLPT_1 JLPT Genki_Ln.19 Genki
並びに,ならびに,and,以及,JLPT_1 JLPT
成り立つ,なりたつ,"to consist of; to be practical (logical, feasible, viable), to be concluded, to hold true",成立,JLPT_1 JLPT
なるたけ,なるたけ,"as much as possible, if possible",盡量,JLPT_1 JLPT
慣れ,なれ,"practice, experience",習慣,JLPT_1 JLPT
馴々しい,なれなれしい,"familiar, make free with",親暱的,JLPT_1 JLPT
ナンセンス,ナンセンス,nonsense,無意義,JLPT_1 JLPT
何だか,なんだか,"a little, somewhat, somehow",有點,JLPT_1 JLPT Intermediate_Japanese Intermediate_Japanese_Ln.11
なんだかんだ,なんだかんだ,something or other,這樣那樣,JLPT_1 JLPT
なんなり,なんなり,"anything, whatever",任何,JLPT_1 JLPT
荷,に,"load, baggage, cargo",行李,JLPT_1 JLPT
似通う,にかよう,to resemble closely,相似,JLPT_1 JLPT
にきび,にきび,"pimple, acne",青春痘,JLPT_1 JLPT
賑わう,にぎわう,"to prosper, to flourish, to be crowded with people",熱鬧,JLPT_1 JLPT
憎しみ,にくしみ,hatred,憎恨,JLPT_1 JLPT
肉親,にくしん,"blood relationship, blood relative",親屬,JLPT_1 JLPT
肉体,にくたい,"the body, the flesh",肉體,JLPT_1 JLPT
逃げ出す,にげだす,"to run away, to escape from",逃跑,JLPT_1 JLPT
西日,にしび,westering sun,西照陽光,JLPT_1 JLPT
滲む,にじむ,"to run, to blur, to spread",滲透,JLPT_1 JLPT
にせ物,にせもの,"imitation, counterfeit",偽品,JLPT_1 JLPT
日夜,にちや,"day and night, always",日夜,JLPT_1 JLPT
荷造り,にづくり,"packing, baling, crating",打包,JLPT_1 JLPT
担う,になう,"to carry on shoulder, to bear (burden), to shoulder (gun)",承擔,JLPT_1 JLPT
鈍る,にぶる,"to become less capable, to grow dull, to become blunt, to weaken",遲鈍,JLPT_1 JLPT
にも関わらず,にもかかわらず,"in spite of, nevertheless",儘管如此,JLPT_1 JLPT
ニュアンス,ニュアンス,nuance,微妙差異,JLPT_1 JLPT
ニュー,ニュー,new,新的,JLPT_1 JLPT
入手,にゅうしゅ,"obtaining, coming to hand",入手,JLPT_1 JLPT
入賞,にゅうしょう,winning a prize or place (in a contest,獲獎,JLPT_1 JLPT
入浴,にゅうよく,"bathe, bathing",洗澡,JLPT_1 JLPT
尿,にょう,urine,尿液,JLPT_1 JLPT
認識,にんしき,"recognition, cognizance",認識,JLPT_1 JLPT
妊娠,にんしん,"conception, pregnancy",懷孕,JLPT_1 JLPT
任務,にんむ,"duty, mission, task",任務,JLPT_1 JLPT
任命,にんめい,"appointment, nomination, ordination",任命,JLPT_1 JLPT
抜かす,ぬかす,"to omit, to leave out",省略,JLPT_1 JLPT
抜け出す,ぬけだす,"to slip out, to sneak away, to excel",溜出,JLPT_1 JLPT
主,ぬし,"owner, master, god",主人,JLPT_1 JLPT Intermediate_Japanese_Ln.13 Intermediate_Japanese
沼,ぬま,"swamp, bog, pond",沼澤,JLPT_1 JLPT
音色,ねいろ,"tone color, timbre",音色,JLPT_1 JLPT
値打ち,ねうち,"value, worth, price",價值,JLPT_1 JLPT
ネガ,ネガ,(photographic) negative,底片,JLPT_1 JLPT
寝かせる,ねかせる,"to put to bed, to lay down, to ferment",讓睡覺,JLPT_1 JLPT
ねじまわし,ねじまわし,screwdriver,螺絲起子,JLPT_1 JLPT
捩れる,ねじれる,"twist, strain",扭曲,JLPT_1 JLPT
妬む,ねたむ,"to be jealous, to be envious",嫉妒,JLPT_1 JLPT
ねだる,ねだる,"to nag, to demand",糾纏,JLPT_1 JLPT
熱意,ねつい,"zeal, enthusiasm",熱情,JLPT_1 JLPT
熱湯,ねっとう,boiling water,熱水,JLPT_1 JLPT
熱量,ねつりょう,calorific value,熱量,JLPT_1 JLPT
粘り,ねばり,"stickiness, viscosity",黏性,JLPT_1 JLPT
粘る,ねばる,"to be sticky, to be adhesive, to persist, to stick to",堅持,JLPT_1 JLPT
値引き,ねびき,"price reduction, discount",降價,JLPT_1 JLPT
根回し,ねまわし,making necessary arrangements,事前協調,JLPT_1 JLPT
眠たい,ねむたい,sleepy,想睡,JLPT_1 JLPT
練る,ねる,"to knead, to work over, to polish up",揉、練習,JLPT_1 JLPT
念,ねん,"sense, feeling, desire",念頭,JLPT_1 JLPT
年賀,ねんが,"New Year's greetings, New Year's card",賀年,JLPT_1 JLPT
念願,ねんがん,"one's heart's desire, earnest petition",願望,JLPT_1 JLPT
年号,ねんごう,"name of an era, year number",年號,JLPT_1 JLPT
燃焼,ねんしょう,"burning, combustion",燃燒,JLPT_1 JLPT
年長,ねんちょう,seniority,年長,JLPT_1 JLPT
燃料,ねんりょう,fuel,燃料,JLPT_1 JLPT
年輪,ねんりん,annual tree ring,年輪,JLPT_1 JLPT
ノイローゼ,ノイローゼ,neurosis (GER: Neurose),神經官能症,JLPT_1 JLPT
農耕,のうこう,"farming, agriculture",農耕,JLPT_1 JLPT
農場,のうじょう,farm,農場,JLPT_1 JLPT
農地,のうち,agricultural land,農地,JLPT_1 JLPT
納入,のうにゅう,"payment, supply",納入,JLPT_1 JLPT
逃す,のがす,"to let loose, to set free, to let escape",逃脫,JLPT_1 JLPT
逃れる,のがれる,to escape,逃脫,JLPT_1 JLPT
軒並,のきなみ,row of houses; uniformly,一律,JLPT_1 JLPT
望ましい,のぞましい,"desirable, hoped for",理想的,JLPT_1 JLPT
乗っ取る,のっとる,"to capture, to occupy, to take over",劫持,JLPT_1 JLPT
のどか,のどか,"tranquil, calm, quiet",悠閒,JLPT_1 JLPT
罵る,ののしる,"to speak ill of, to abuse",辱罵,JLPT_1 JLPT
延べ,のべ,"futures, credit (buying), stretching, total",總計,JLPT_1 JLPT
飲み込む,のみこむ,"to gulp down, to swallow deeply, to understand",吞下、理解,JLPT_1 JLPT Intermediate_Japanese_Ln.12 Intermediate_Japanese
乗り込む,のりこむ,"to board, to get into (a car); to march into, to enter",搭乘,JLPT_1 JLPT
刃,は,"blade, sword",刀刃,JLPT_1 JLPT
バー,バー,bar,酒吧,JLPT_1 JLPT
把握,はあく,"grasp, catch, understanding",掌握,JLPT_1 JLPT
パート,パート,part-time job,兼職,JLPT_1 JLPT Intermediate_Japanese_Ln.8 Intermediate_Japanese
廃棄,はいき,"disposal, abandon, discarding",廢棄,JLPT_1 JLPT
配給,はいきゅう,"distribution (e.g., films, rice",配給,JLPT_1 JLPT
ばい菌,ばいきん,"bacteria, germ(s)",細菌,JLPT_1 JLPT
配偶者,はいぐうしゃ,spouse,配偶者,JLPT_1 JLPT
拝啓,はいけい,-- a formal greeting used at the beginning of a letter --,敬啟者,Intermediate_Japanese_Ln.4 JLPT_1 JLPT Intermediate_Japanese
背景,はいけい,"background, scenery, setting",背景,JLPT_1 JLPT
背後,はいご,"back, rear",背後,JLPT_1 JLPT
廃止,はいし,"abolition, repeal",廢止,JLPT_1 JLPT
拝借,はいしゃく,(humble) (polite) borrowing,借用,JLPT_1 JLPT
排除,はいじょ,"exclusion, removal, rejection",排除,JLPT_1 JLPT
賠償,ばいしょう,"reparations, indemnity, compensation",賠償,JLPT_1 JLPT
排水,はいすい,drainage,排水,JLPT_1 JLPT
敗戦,はいせん,"defeat, losing a war",戰敗,JLPT_1 JLPT
配置,はいち,"arrangement (of resources), disposition",配置,JLPT_1 JLPT
配布,はいふ,distribution,分發,JLPT_1 JLPT
配分,はいぶん,"distribution, allotment",分配,JLPT_1 JLPT
敗北,はいぼく,defeat (as a verb it means 'to be defeated'),敗北,JLPT_1 JLPT
倍率,ばいりつ,"diameter, magnification",倍率,JLPT_1 JLPT
配慮,はいりょ,"consideration, concern, forethought",考慮,JLPT_1 JLPT
配列,はいれつ,"arrangement, array (programming)",排列,JLPT_1 JLPT
破壊,はかい,destruction,破壞,JLPT_1 JLPT
いたわる,いたわる,"to sympathize with, to console, to care for",關懷,JLPT_1 JLPT
一概に,いちがいに,"unconditionally, necessarily",一概,JLPT_1 JLPT
著しい,いちじるしい,"remarkable, considerable",顯著的,JLPT_1 JLPT
一同,いちどう,"all present, all concerned, all of us",全體,JLPT_1 JLPT
一部分,いちぶぶん,"a part, a portion",一部分,JLPT_1 JLPT
一別,いちべつ,parting,一別,JLPT_1 JLPT
一面,いちめん,"one side, the other hand",一面,JLPT_1 JLPT
一目,いちもく,"a glance, a look, a glimpse",一瞥,JLPT_1 JLPT
一様,いちよう,"uniform, similar, equal",一樣,JLPT_1 JLPT
一律,いちりつ,"even, uniform, equal",一律,JLPT_1 JLPT
一連,いちれん,"a series, a chain, a ream (of paper)",一連,JLPT_1 JLPT
一括,いっかつ,"all together, batch",一括,JLPT_1 JLPT
一気,いっき,"at one push, in one gulp",一口氣,JLPT_1 JLPT
一挙に,いっきょに,"at a stroke, with a single swoop",一舉,JLPT_1 JLPT
一見,いっけん,"a look, a glimpse, glance; first meeting",乍看,JLPT_1 JLPT
一切,いっさい,"without exception, the whole",一切,JLPT_1 JLPT
一心,いっしん,"one mind, with rapt attention",一心,JLPT_1 JLPT
いっそ,いっそ,"rather, sooner, might as well",乾脆,JLPT_1 JLPT
一変,いっぺん,complete change,大變,JLPT_1 JLPT
意図,いと,"intention, aim, design",意圖,JLPT_1 JLPT
営む,いとなむ,"to carry on (e.g., in ceremony), to run a business",經營,JLPT_1 JLPT
挑む,いどむ,to challenge,挑戰,JLPT_1 JLPT
稲光,いなびかり,(flash of) lightning,閃電,JLPT_1 JLPT
祈り,いのり,"prayer, supplication",祈禱,JLPT_1 JLPT
いびき,いびき,snoring,打鼾,JLPT_1 JLPT
今更,いまさら,"now, again",現在,JLPT_1 JLPT
未だ,いまだ,"yet, still",尚未,JLPT_1 JLPT
移民,いみん,"emigrant, immigrant",移民,JLPT_1 JLPT
嫌々,いやいや,"reluctantly, by no means, unwillingly",勉強,JLPT_1 JLPT
卑しい,いやしい,"greedy, vulgar, shabby",卑鄙的,JLPT_1 JLPT
いやに,いやに,"awfully, terribly",非常,JLPT_1 JLPT
いやらしい,いやらしい,"unpleasant, disgusting, indecent",討厭的,JLPT_1 JLPT
意欲,いよく,"will, desire, ambition",意慾,JLPT_1 JLPT
威力,いりょく,"power, might, authority",威力,JLPT_1 JLPT
衣類,いるい,"clothes, clothing, garments",衣類,JLPT_1 JLPT
異論,いろん,"different opinion, objection",異議,JLPT_1 JLPT
印鑑,いんかん,"stamp, seal",印章,JLPT_1 JLPT
陰気,いんき,"gloom, melancholy",陰沈,JLPT_1 JLPT
隠居,いんきょ,retirement; retired person,隱居,JLPT_1 JLPT
インターチェンジ,インターチェンジ,interchange,交流道,JLPT_1 JLPT
インターナショナル,インターナショナル,international,國際的,JLPT_1 JLPT
インターフォン,インターフォン,"entry phone, intercom",對講機,JLPT_1 JLPT
インテリ,インテリ,"(abbr.) egghead, intelligentsia",知識分子,JLPT_1 JLPT
インフォメーション,インフォメーション,information,資訊,JLPT_1 JLPT
インフレ,インフレ,(abbr.) inflation,通膨,JLPT_1 JLPT
受かる,うかる,to pass (examination),及格,JLPT_1 JLPT
受け入れ,うけいれ,"receiving, acceptance",接受,JLPT_1 JLPT
受け入れる,うけいれる,"to accept, to receive",接受,JLPT_1 JLPT
受け継ぐ,うけつぐ,"to inherit, to succeed",繼承,JLPT_1 JLPT
受け付ける,うけつける,"to be accepted, to receive (an application)",受理,JLPT_1 JLPT
受け止める,うけとめる,"to catch, to react to, to take",接受,JLPT_1 JLPT
受身,うけみ,"passive, passive voice",被動,JLPT_1 JLPT
受持ち,うけもち,"charge (of something), matter in one's charge",負責,JLPT_1 JLPT
動き,うごき,"movement, activity, trend",動作,JLPT_1 JLPT
埋める,うずめる,"to bury, to fill",埋,JLPT_1 JLPT
嘘つき,うそつき,liar,說謊者,JLPT_1 JLPT
うたた寝,うたたね,"dozing, napping",打盹,JLPT_1 JLPT
打ち明ける,うちあける,"to confess, to be open",坦白,JLPT_1 JLPT
打ち切る,うちきる,"to stop, to abort, to discontinue, to close",中止,JLPT_1 JLPT
打ち消し,うちけし,"(gram) negation, denial, negative",否定,JLPT_1 JLPT
打ち込む,うちこむ,"to devote oneself to, to shoot into",投入,JLPT_1 JLPT
団扇,うちわ,fan,扇子,JLPT_1 JLPT
内訳,うちわけ,"the items, breakdown, classification",內容明細,JLPT_1 JLPT
写し,うつし,"copy, duplicate",複製,JLPT_1 JLPT
訴え,うったえ,"lawsuit, complaint",訴訟,JLPT_1 JLPT
うっとうしい,うっとうしい,"weary, annoying",鬱悶的,JLPT_1 JLPT
うつむく,うつむく,"to look downward, to stoop",低頭,JLPT_1 JLPT
空ろ,うつろ,"blank, hollow, empty",空虛,JLPT_1 JLPT
器,うつわ,"bowl, vessel, container",容器,JLPT_1 JLPT
腕前,うでまえ,"ability, skill, facility",技術,JLPT_1 JLPT
雨天,うてん,rainy weather,雨天,JLPT_1 JLPT
促す,うながす,"to urge, to suggest, to demand",催促,JLPT_1 JLPT
うぬぼれ,うぬぼれ,"pretension, conceit, hubris",自負,JLPT_1 JLPT
生まれつき,うまれつき,"by nature, by birth, native",天生,JLPT_1 JLPT
埋め込む,うめこむ,"to embed, implant",嵌入,JLPT_1 JLPT
梅干し,うめぼし,dried plum,梅乾,JLPT_1 JLPT
裏返し,うらがえし,"inside out, reverse",裡外顛倒,JLPT_1 JLPT
売り出し,うりだし,(bargain) sale,拍賣,JLPT_1 JLPT
売り出す,うりだす,"to put on sale, to market",上市,JLPT_1 JLPT
潤う,うるおう,to be moist; to profit by,潤濕,JLPT_1 JLPT
浮気,うわき,"affair, to cheat",外遇,JLPT_1 JLPT
上回る,うわまわる,to exceed,超過,JLPT_1 JLPT
植わる,うわる,to be planted,種植,JLPT_1 JLPT
運営,うんえい,"management, administration, operation",經營,JLPT_1 JLPT
うんざり,うんざり,"tedious, boring, being fed up with",厭煩,JLPT_1 JLPT
運送,うんそう,"shipping, freight",運送,JLPT_1 JLPT
運賃,うんちん,"freight rates, shipping expenses, (passenger) fare",運費,JLPT_1 JLPT Intermediate_Japanese_Ln.10 Intermediate_Japanese
云々,うんぬん,"and so on, and so forth",等等,JLPT_1 JLPT
運搬,うんぱん,"transport, carriage",搬運,JLPT_1 JLPT
運命,うんめい,fate,命運,JLPT_1 JLPT
運輸,うんゆ,transportation,運輸,JLPT_1 JLPT
運用,うんよう,"making use of, application, practical use",運用,JLPT_1 JLPT
エアメール,エアメール,air mail,航空郵件,JLPT_1 JLPT
英字,えいじ,English letter (character),英文字母,JLPT_1 JLPT
映写,えいしゃ,projection,投影,JLPT_1 JLPT
映像,えいぞう,"reflection, image",影像,JLPT_1 JLPT
英雄,えいゆう,"hero, great man",英雄,JLPT_1 JLPT
液,えき,"liquid, fluid",液體,JLPT_1 JLPT
閲覧,えつらん,"inspection, reference, browse",閱覽,JLPT_1 JLPT
獲物,えもの,"game, spoils, trophy",獵物,JLPT_1 JLPT
襟,えり,"neck, collar",領子,JLPT_1 JLPT
エレガント,エレガント,elegant,優雅的,JLPT_1 JLPT
円滑,えんかつ,"harmony, smoothness",圓滑,JLPT_1 JLPT
縁側,えんがわ,"veranda, porch, balcony, open corridor",走廊,JLPT_1 JLPT
沿岸,えんがん,"coast, shore",沿岸,JLPT_1 JLPT
婉曲,えんきょく,"euphemistic, indirect, insinuating",委婉,JLPT_1 JLPT
演出,えんしゅつ,"production (erg. play, direction)",演出,JLPT_1 JLPT
エンジニア,エンジニア,engineer,工程師,JLPT_1 JLPT
演じる,えんじる,"to perform, to play (a part), to act",演出,JLPT_1 JLPT
演ずる,えんずる,"to perform, to play (a part), to act",演出,JLPT_1 JLPT
沿線,えんせん,along railway line,沿線,JLPT_1 JLPT
縁談,えんだん,marriage proposal,婚事,JLPT_1 JLPT
遠方,えんぽう,"long way, distant place",遠方,JLPT_1 JLPT
円満,えんまん,"harmony, peace, smoothness",圓滿,JLPT_1 JLPT
追い込む,おいこむ,"to herd, to corner, to drive",逼迫,JLPT_1 JLPT
追い出す,おいだす,"to expel, to drive out",趕出,JLPT_1 JLPT
於いて,おいて,"at, in, on",在,JLPT_1 JLPT
老いる,おいる,"to age, to grow old",老化,JLPT_1 JLPT
応急,おうきゅう,emergency,應急,JLPT_1 JLPT
黄金,おうごん,gold,黃金,JLPT_1 JLPT
往診,おうしん,"doctor's visit, house call",出診,JLPT_1 JLPT
応募,おうぼ,"subscription, application",應徵,JLPT_1 JLPT
大方,おおかた,"almost all, majority",大部分,JLPT_1 JLPT
大柄,おおがら,"large build, large pattern",大個子,JLPT_1 JLPT
おおげさ,おおげさ,"grandiose, exaggerated",誇張,JLPT_1 JLPT
大筋,おおすじ,"outline, summary",大綱,JLPT_1 JLPT
大空,おおぞら,"heaven, the sky",天空,JLPT_1 JLPT
オートマチック,オートマチック,automatic,自動的,JLPT_1 JLPT
大幅,おおはば,"full width, large scale, drastic",大幅,JLPT JLPT_1 MediaMissing
おおまかな,おおまかな,"rough, approximate",粗略的,JLPT_1 JLPT
大水,おおみず,flood,大水,JLPT_1 JLPT
公,おおやけ,public,公開,JLPT_1 JLPT
犯す,おかす,"to perpetrate, to violate",犯罪,JLPT_1 JLPT
侵す,おかす,"to invade, to raid, to trespass",侵犯,JLPT_1 JLPT
臆病,おくびょう,"cowardice, timidity",膽小,JLPT_1 JLPT
遅らす,おくらす,"to retard, to delay",延遲,JLPT_1 JLPT
厳か,おごそか,"majestic, dignified",莊嚴,JLPT_1 JLPT
行い,おこない,"conduct, behavior, action",行為,JLPT_1 JLPT
収まる,おさまる,to settle into; to be obtained,安定,JLPT_1 JLPT
納まる,おさまる,to settle into; to be obtained,安定,JLPT_1 JLPT
治まる,おさまる,"to be at peace, to calm down",平息,JLPT_1 JLPT
お産,おさん,(giving) birth,生產,JLPT_1 JLPT
押し切る,おしきる,to have one's own way,堅持,JLPT_1 JLPT
押し込む,おしこむ,"to push into, to crowd into",擠入,JLPT_1 JLPT
惜しむ,おしむ,"to be frugal, to value, to regret",珍惜,JLPT_1 JLPT
押し寄せる,おしよせる,"to push aside, to advance on",湧來,JLPT_1 JLPT
雄,おす,male (animal),雄性,JLPT_1 JLPT
御世辞,おせじ,"flattery, compliment",恭維,JLPT_1 JLPT
襲う,おそう,to attack,襲擊,JLPT_1 JLPT
遅くとも,おそくとも,at the latest,最遲,JLPT_1 JLPT
恐れ,おそれ,"fear, horror",恐懼,JLPT_1 JLPT
恐れ入る,おそれいる,"to be filled with awe, to feel small",敬畏,JLPT_1 JLPT
おだてる,おだてる,to flatter,奉承,JLPT_1 JLPT
落ち込む,おちこむ,to get depressed,沮喪,JLPT_1 Genki_Ln.16 JLPT Genki
落ち着き,おちつき,"calm, composure",冷靜,JLPT_1 JLPT
落葉,おちば,fallen leaves,落葉,JLPT_1 JLPT
乙,おつ,2nd in rank,乙,JLPT_1 JLPT
お使い,おつかい,errand,跑腿,JLPT_1 JLPT
おっかない,おっかない,"frightening, scary",可怕的,JLPT_1 JLPT
お手上げ,おてあげ,"given in, given up hope",束手無策,JLPT_1 JLPT
おどおど,おどおど,"coweringly, hesitantly",膽怯地,JLPT_1 JLPT
脅す,おどす,"to threaten, to menace",威脅,JLPT_1 JLPT
訪れる,おとずれる,to visit,拜訪,JLPT_1 JLPT
お供,おとも,"attendant, companion",隨從,JLPT_1 JLPT
衰える,おとろえる,"to become weak, to decline",衰弱,JLPT_1 JLPT
同い年,おないどし,of the same age,同年,JLPT_1 JLPT
自ずから,おのずから,"naturally, as a matter of course",自然地,JLPT_1 JLPT
怯える,おびえる,to become frightened,害怕,JLPT_1 JLPT
おびただしい,おびただしい,"abundantly, innumerably",大量的,JLPT_1 JLPT
脅かす,おびやかす,"to threaten, to coerce",威脅,JLPT_1 JLPT
帯びる,おびる,"to bear, to carry, to be entrusted",攜帶,JLPT_1 JLPT
お袋,おふくろ,mother,母親,JLPT_1 JLPT
覚え,おぼえ,"memory, sense, experience",記憶,JLPT_1 JLPT
おまけ,おまけ,a discount; something additional,附贈品,JLPT_1 JLPT
お宮,おみや,Shinto shrine,神社,JLPT_1 JLPT
おむつ,おむつ,"diaper, nappy",尿布,JLPT_1 JLPT
思い付き,おもいつき,"plan, idea, suggestion",想法,JLPT_1 JLPT
趣,おもむき,"flavor, appearance, quaint",風趣,JLPT_1 JLPT
赴く,おもむく,"to go, to proceed",前往,JLPT_1 JLPT
